rank,trend,season,episode,name,start,total_votes,average_rating
24129,18.0,1,1,I'm Luffy! The Man Who Will Become the Pirate King!,1999,647,7.6
29290,11.0,1,2,"The Great Swordsman Appears! Pirate Hunter, Roronoa Zoro",1999,473,7.8
32043,7.0,1,3,Morgan vs. Luffy! Who's This Beautiful Young Girl?,1999,428,7.7
28818,8.0,1,4,Luffy's Past! The Red-haired Shanks Appears!,1999,449,8.1
37113,4.0,1,5,"Fear, Mysterious Power! Pirate Clown Captain Buggy!",1999,370,7.5
36209,4.0,1,6,Desperate Situation! Beast Tamer Mohji vs. Luffy!,1999,364,7.7
37648,4.0,1,7,Sozetsu Ketto! Kengo Zoro VS Kyokugei no Kabaji!,1999,344,7.7
38371,6.0,1,8,Shousha wa docchi? Akuma no mi no nouryoku taiketsu!,1999,335,7.7
42249,5.0,1,9,Seigi no usotsuki? Kyaputen Usoppu,2000,327,7.3
41829,4.0,1,10,Chijou saikyou no hen na yatsu! Saiminjutsushi Jango,2000,314,7.5
43039,4.0,1,11,Inbou o abake! Kaizoku shitsuji Kyaputen Kuro,2000,310,7.4
40540,3.0,1,12,Gekitotsu! Kuroneko kaizokudan sakamichi no daikoubou!,2000,303,7.8
41379,2.0,1,13,Kyoufu no futarigumi! Nyâban kyoudai vs Zoro,2000,295,7.8
42445,2.0,1,14,Rufi fukkatsu! Kaya ojousama no kesshi no taikou,2000,292,7.7
44849,2.0,1,15,Kuro o taose! Otoko Usoppu namida no ketsui!,2000,286,7.5
43088,2.0,1,16,Kaya o mamore! Usoppu kaizokudan daikatsuyaku!,2000,286,7.7
39004,2.0,1,17,Ikari bakuhatsu! Kuro vs Rufi kecchaku no yukue!,2000,296,8.1
49802,2.0,1,18,Anta ga chunjuu! Gaimon to kimyou na nakama,2000,278,7.1
34100,2.0,1,19,Santouryuu no kako! Zoro to Kuina no chikai!,2000,324,8.5
43896,3.0,1,20,Meibutsu kokku! Kaijou resutoran no Sanji,2000,279,7.7
46335,2.0,1,21,Manukarezaru kyaku! Sanji no meshi to Gin on,2000,267,7.6
47298,1.0,1,22,Saikyou no kaizoku kantai! Teitoku Don Kurîku,2000,260,7.6
46758,2.0,1,23,Mamore Baratie! Daikaizoku akaashi no Zefu,2000,257,7.7
31727,4.0,1,24,Tama no me no Mihôku! Kenzoku Zoro umi ni chiru,2000,340,8.7
47862,1.0,1,25,Hissatsu ashiwaza sakuretsu! Sanji vs Teppeki no Pâru,2000,256,7.6
40558,1.0,1,26,Zefu to Sanji no yume Maboroshi no ôru burû,2000,274,8.2
47734,1.0,1,27,Reitetsu hijou no kijin Kaizoku kantai soutaichou Gin,2000,257,7.6
47488,1.0,1,28,Shinaneeyo! Gekitou Rufi vs Kurîku!,2000,252,7.7
46967,1.0,1,29,Shitou no Ketchaku! Hara ni Kukutta Ippon no Yari!,2000,249,7.8
41958,1.0,1,30,Tabidachi! Umi no kokku wa Rufi to tomoni,2000,268,8.1
50657,1.0,1,31,Higashi no Umi Saiaku no Otoko! Gyojin Kaizoku Arlong!,2000,237,7.6
49842,1.0,1,32,Cocoyashi Mura no Majo! Arlong no Onna Kanbu,2000,236,7.7
46129,3.0,1,33,Usopp Shisu?! Luffy Jouriku wa Mada?,2000,255,7.8
50646,1.0,1,34,Zen'in Shuuketsu! Usopp ga Kataru Nami no Shinjitsu,2000,250,7.4
45379,1.0,1,35,Himerareta Kako! Onna Senshi Bell-mere!,2000,254,7.9
39506,1.0,1,36,Ikinuke! Haha Bellemere to Nami no Kizuna!,2000,277,8.3
34101,5.0,1,37,Luffy Tatsu! Uragirareta Yakusoku no Ketsumatsu!,2000,324,8.5
42865,1.0,1,38,Luffy Dai Pinch! Gyojin Tai Luffy Kaizokudan,2000,254,8.2
45187,1.0,1,39,Luffy Suibotsu! Zoro vs Tako no Hacchan,2000,249,8.0
45338,1.0,1,40,Hokoritakaki Senshi! Gekitou Sanji to Usopp,2000,248,8.0
45188,1.0,1,41,Luffy Zenkai! Nami no Ketsui to Mugiwara Boushi,2000,249,8.0
46373,1.0,1,42,Sakuretsu! Gyojin Arlong Umi kara no Moukougeki!,2000,247,7.9
39813,1.0,1,43,Gyojin Teikoku no Owari! Nami wa Ore no Nakama Da!,2000,281,8.2
48508,1.0,1,44,Egao no Tabidachi! Saraba Furusato Cocoyashi Mura,2000,245,7.7
50957,1.0,1,45,Joukinkubi! Mugiwara no Luffy Yo ni Shirewataru,2000,235,7.6
65155,2.0,1,46,Mugiwara o Oe! Chiisana Buggy no Daibouken,2000,245,6.3
64435,2.0,1,47,Omachikane! Aa Fukkatsu no Buggy Senchou!,2000,249,6.3
48156,2.0,1,48,Hajimari to Owari no Machi: Loguetown Jouriku,2000,241,7.8
45526,1.0,1,49,Sandai Kitetsu to Yubashiri! Zoro no Shintou to Onna Souchou,2000,253,7.9
54542,1.0,1,50,Usopp Tai Kozure no Daddy: Mahiru no Kettou,2000,233,7.3
62180,2.0,1,51,Honoo no Ryouri Battle? Sanji VS Bijin Chef,2000,225,6.8
46194,1.0,1,52,Buggy no Revenge! Shokeidai de Warau Otoko!,2000,236,8.1
44331,1.0,1,53,Densetsu wa Hajimatta! Mezase Grand Line,2001,243,8.2
60787,2.0,1,54,Aratanaru Bouken no Yokan! Nazo no Shoujo Apis,2001,213,7.1
64969,2.0,1,55,Kiseki no Seibutsu! Apis no Himitsu to Densetsu no Shima,2001,211,6.8
66538,2.0,1,56,Eric Shutsugeki! Gunkanjima kara no Daidasshutsu!,2001,210,6.7
68523,2.0,1,57,Zekkai no Kotou! Densetsu no Lost Island,2001,207,6.6
67203,2.0,1,58,Haikyo no Kettou! Kinpaku no Zoro VS Erik!,2001,201,6.8
63845,1.0,1,59,Luffy Kanzen Houi! Teitoku Nelson no Hisaku,2001,199,7.1
63498,1.0,1,60,Oozora o Mau Mono! Yomigaeru Sennen no Densetsu!,2001,195,7.2
57812,1.0,1,61,Ikari no Kecchaku! Red Line o Norikoero!,2001,199,7.6
53402,1.0,1,62,Saisho no Toride? Kyodai Kujira Laboon Arawaru,2001,215,7.7
56518,1.0,1,63,Otoko no Yakusoku! Luffy to Kujira Saikai no Chikai,2001,216,7.4
55169,1.0,1,64,Kaizoku Kangei no Machi? Whiskey Peak Jouriku,2001,206,7.7
49747,1.0,1,65,Sakuretsu Santouryuu! Zoro VS Baroque Works!,2001,214,8.1
51563,1.0,1,66,Shinken Shoubu! Luffy VS Zoro Nazo no Daikettou!,2001,214,7.9
55797,1.0,1,67,Oujo Vivi o Todokero! Luffy Kaizoku Dan Shukkou,2001,203,7.7
67656,2.0,1,68,Ganbare Coby! Coby-Meppo Kaigun Funtou Ki,2001,205,6.7
66940,1.0,1,69,Coby-Meppo no Ketsui! Garp Chuujou no Oyagokoro,2001,202,6.8
60498,1.0,1,70,Taiko no Shima! Little Garden ni Hisomu Kage!,2001,203,7.3
57880,1.0,1,71,Dekkai Kettou! Kyojin Dorry to Brogy,2001,204,7.5
60685,1.0,1,72,Luffy Ikaru! Seinaru Kettou ni Hiretsu na Wana!,2001,202,7.3
59987,1.0,1,73,Brogy Shouri no Goukyuu! Elbaf no Kecchaku,2001,200,7.4
58329,1.0,1,74,Ma no Candle! Munen no Namida to Ikari no Namida,2001,202,7.5
57020,1.0,1,75,Luffy o Osou Maryoku! Colors Trap,2001,197,7.7
56849,1.0,1,76,Iza Hangeki! Usopp no Kiten to Kaenboshi!,2001,203,7.6
58752,2.0,1,77,Saraba Kyojin no Shima! Arabasuta o Mezase,2001,200,7.5
60499,1.0,1,78,Nami ga Byouki? Umi ni Furu Yuki no Mukou ni!,2001,203,7.3
58477,1.0,1,79,Kishuu! Bliking Gou to Blik no Wapol,2001,196,7.6
57488,1.0,1,80,Isha no Inai Shima? Na mo Naki Kuni no Bouken!,2001,195,7.7
58903,1.0,1,81,Happy kai? Majo to Yobareta Isha!,2001,189,7.7
59597,1.0,1,82,Dolton no Kakugo! Wapol Gundan Shima ni Jouriku,2001,191,7.6
56391,1.0,1,83,Yuki no Sumu Shima! Drum-Rocky o Nobore!,2001,200,7.7
56392,1.0,1,84,Tonakai wa Aoppana! Chopper no Himitsu,2001,200,7.7
50246,1.0,1,85,Hamidashi Mono no Yume! Yabuisha Hiluluk!,2001,211,8.1
40318,3.0,1,86,Hiluluk no Sakura to Uketsugareyuku Ishi!,2001,251,8.6
55480,1.0,1,87,Versus Wapol Gundan! Bakubaku no Mi no Nouryoku!,2001,194,7.9
57979,1.0,1,88,Zoan-kei Akuma no Mi! Chopper Nanadan Henkei,2001,193,7.7
58679,1.0,1,89,Oukoku no Shihai Owaru Toki! Shinnen no Hata wa Eien ni,2001,190,7.7
48464,1.0,1,90,Hiluluk no Sakura! Drum Rocky no Kiseki,2001,211,8.3
55722,1.0,1,91,Sayonara Drum-tou! Boku wa Umi e Deru!,2001,193,7.9
59157,1.0,1,92,Arabasta no Eiyuu to Senjou no Ballerina,2001,193,7.6
64160,1.0,1,93,Iza Sabaku no Kuni e! Ame o Yobu Kona to Hanrangun,2001,192,7.2
46583,2.0,1,94,Gouketsu-tachi no Saikai! Yatsu no Na wa Hiken no Ace,2001,217,8.4
50579,1.0,1,95,Ace to Luffy! Atsuki Omoi to Kyoudai no Kizuna,2002,209,8.1
62235,1.0,1,96,Midori no Machi Erumaru to Kung Fu Jugon!,2002,195,7.3
62436,1.0,1,97,Suna no Kuni no Bouken! Ennetsu no Daichi ni Sumu Mamono,2002,189,7.4
65770,1.0,1,98,Sabaku no Kaizokudan Toujou! Jiyuu ni Ikiru Otoko-tachi,2002,185,7.2
68255,1.0,1,99,Nisemono no Iji! Kokoro no Hanrangun Kamyu!,2002,180,7.1
61961,1.0,1,100,Hanrangun Senshi Kouza! Vivi ni Chikatta Yume!,2002,181,7.6
72998,1.0,1,101,Kagerou no Kettou! Ace vs Otoko Scorpion,2002,177,6.8
71389,1.0,1,102,Iseki to Mayoigo! Vivi to Nakama to Kuni no Katachi,2002,168,7.1
63663,1.0,1,103,Spiders Cafe ni 8-ji Teki Kanbu Shuugou,2002,179,7.5
58829,1.0,1,104,Luffy Tai Vivi! Nakama ni Kakeru Namida no Chikai,2002,180,7.9
60105,1.0,1,105,Alabasta Sensen! Yume no Machi Rainbase,2002,175,7.9
56328,1.0,1,106,Zettai Zetsumei no Wana! Rain Dinners Totsunyuu,2002,181,8.1
60104,1.0,1,107,Utopia Sakusen Hatsudou! Ugokidashita Uneri,2002,175,7.9
56555,1.0,1,108,Kyoufu no Bananawani to Mr. Prince,2002,180,8.1
53973,1.0,1,109,Gyakuten Dai Dasshutsu e no Kagi! Doru-Doru Ball!,2002,187,8.2
48469,1.0,1,110,Nasake Muyou no Shitou! Luffy vs Crocodile,2002,206,8.4
59499,1.0,1,111,Kiseki e no Shissou! Arabasta Doubutsu Land,2002,182,7.8
55809,2.0,1,112,Hanrangun Tai Kokuougun! Kessen wa Alubarna!,2002,188,8.0
59732,3.0,1,113,Nageki no Alubarna! Gekitou Carue Taichou!,2002,181,7.8
58350,3.0,1,114,Nakama no Yume ni Chikau! Kettou Mogurazuka 4-bangai,2002,182,7.9
55561,3.0,1,115,Honjitsu Daikoukai! Mane-Mane Montage!,2002,189,8.0
59833,3.0,1,116,Nami ni Henshin! Bon Clay Renpatsu Ballet Kenpou,2002,176,7.9
57410,3.0,1,117,Nami no Senpuu Chuuihou! Clima Takt Sakuretsu,2002,181,8.0
59832,3.0,1,118,Ouke ni Tsutawaru Himitsu! Kodai Heiki Pluton,2002,176,7.9
46419,4.0,1,119,Gouken no Gokui! Koutetsu o Kiru Chikara to Mono no Kokyuu,2002,213,8.5
59563,2.0,1,120,Tatakai wa Owatta! Kooza ga Kakageta Shiroi Hata,2002,177,7.9
55099,2.0,1,121,Vivi no Koe no Yukue! Hero wa Maiorita!,2002,182,8.2
52453,2.0,1,122,Suna Wani to Mizu Luffy! Kettou Dai 2 Round,2002,185,8.4
55523,2.0,1,123,Wanippoi! Ouke no Haka e Hashire Luffy!,2002,180,8.2
56769,2.0,1,124,Akumu no Toki Semaru! Koko wa Sunasunadan Himitsu Kichi,2002,179,8.1
49624,2.0,1,125,Idainaru Tsubasa! Waga Na wa Kuni no Shugoshin Pell,2002,195,8.5
32949,11.0,1,126,Koeteiku! Arabasta ni Ame ga Furu!,2002,302,9.0
58193,3.0,1,127,Buki yo Saraba! Kaizoku to Ikutsuka no Seigi,2002,178,8.0
57931,3.0,1,128,Kaizoku-tachi no Utage to Arabasta Dasshutsu Sakusen!,2002,179,8.0
46420,4.0,1,129,Hajimari wa Ano Hi! Vivi ga Kataru Boukentan!,2002,213,8.5
51545,3.0,1,130,Kiken na Kaori! Shichininme wa Nico Robin!,2002,194,8.3
74683,1.0,1,131,Hajimete no Kranke! Rumble Ball Hiwa,2002,161,7.0
79130,1.0,1,132,Koukaishi no Hanran! Yuzurenai Yume no Tame ni!,2002,156,6.8
77965,1.0,1,133,Uketsugareru Recipe! Curry no Tetsujin Sanji,2002,155,6.9
77964,1.0,1,134,Sakasete Misemasu! Otoko Usopp Hasshakudama,2002,155,6.9
76295,1.0,1,135,Uwasa no Kaizokugari! Sasurai no Kenshi Zoro,2002,156,7.0
82239,1.0,1,136,Yagi no Shima no Zenny to Yama no Naka no Kaizokusen!,2002,151,6.7
79299,1.0,1,137,Moukarimakka? Kanekashi Zenny no Yabou!,2002,151,6.9
84878,1.0,1,138,Shima no Otakara no Yukue! Zenny Kaizokudan Shutsugeki!,2002,148,6.6
76099,1.0,1,139,Niji-iro no Kiri Densetsu! Ruluka Tou no Roujin Henzo,2003,148,7.2
79300,1.0,1,140,Eien no Kuni no Juunin! Pumpkin Kaizokudan!,2003,151,6.9
81301,1.0,1,141,Furusato e no Omoi! Dasshutsu Funou no Kaizoku Hakaba!,2003,145,6.9
82792,5.626712328767123,1,142,Ransen Hisshi! Wetton no Yabou to Niji no Tou,2003,145,6.8
71522,5.626712328767123,1,143,Soshite Densetsu ga Hajimaru! Iza Niji no Kanata e,2003,150,7.5
71622,1.0,1,144,Ubawareta Log! Salvage-ou Mashira!,2003,158,7.3
68635,1.0,1,145,Kaibutsu Toujou! Shirohige Ichimi ni wa Te o Dasuna,2003,160,7.5
65915,2.0,1,146,Yume o Miruna! Azakeri no Machi Mock Town!,2003,157,7.8
67833,2.0,1,147,Kaizoku no Takami! Yume o Kataru Otoko to Kaitei Tansaku Ou,2003,163,7.5
69456,1.0,1,148,Densetsu no Ichizoku! Usotsuki Norland,2003,157,7.5
71870,1.0,1,149,Kumo Kaji Ippai! Southbird o Oe!,2003,153,7.4
63762,2.0,1,150,Yume wa Kanawanai!? Bellamy VS Saruyama Rengou,2003,157,8.0
42152,7.0,1,151,Ichioku no Otoko! Sekai Saikou Kenryoku to Kaizoku Kurohige,2003,231,8.7
62079,2.0,1,152,Fune wa Sora o Yuku! Knock-Up Stream ni Nore,2003,159,8.1
65388,1.0,1,153,Koko wa Sora no Umi! Sora no Kishi to Tengoku no Mon,2003,155,7.9
69460,1.0,1,154,Kami no Kuni Skypiea! Kumo no Nagisa no Tenshi-tachi,2003,157,7.5
70926,1.0,1,155,Kindan no Seichi! Kami no Sumu Shima to Ten no Sabaki!,2003,152,7.5
68298,1.0,1,156,Hayaku mo Hanzaisha!? Skypiea no Hou no Bannin,2003,157,7.6
69103,1.0,1,157,Dasshutsu Naru ka!? Ugokihajimeta Kami no Shiren!,2003,154,7.6
69696,1.0,1,158,Lovely-doori no Wana! Zennounaru God Enel,2003,152,7.6
68843,1.0,1,159,Susume Karasumaru! Ikenie no Saidan o Mezase,2003,151,7.7
65644,1.0,1,160,Seizonritsu 10%! Mantra-tsukai no Shinkan Satori!,2003,158,7.8
68299,1.0,1,161,Tama no Shiren no Kyoui! Mayoi no Mori no Shitou,2003,157,7.6
65913,1.0,1,162,Chopper Ayaushi! Motokami Tai Shinkan Shura,2003,157,7.8
67431,1.0,1,163,Makafushigi! Himo no Shiren to Koi no Shiren!?,2003,152,7.8
67432,1.0,1,164,Shandra no Hi o Tomose! Senshi Wiper,2003,152,7.8
68541,1.0,1,165,Tenkuu no Ougonkyou Jaya! Mezase Kami no Yashiro!,2003,152,7.7
72178,1.0,1,166,Ougon Zen'yasai! Vearth e no Omoi!,2003,152,7.4
70690,1.0,1,167,God Enel Toujou!! Ikinokori e no Aubade,2003,149,7.6
68822,1.0,1,168,Kibamuku Uwabami! Tsui ni Hajimaru Survival Game,2003,155,7.6
62885,1.0,1,169,Sutemi no Haigeki (Reject)! Senki Wiper no Kakugo,2003,160,8.0
62572,1.0,1,170,Kuuchuu no Gekisen! Kaizoku Zoro VS Senshi Braham,2003,161,8.0
66501,1.0,1,171,Unaru Burn Bazooka!! Luffy VS Senki Wiper,2003,155,7.8
67433,1.0,1,172,Numa no Shiren! Chopper VS Shinkan Gedatsu!!,2003,152,7.8
65655,1.0,1,173,Muteki no Nouryoku! Akasareru Enel no Shoutai,2003,154,7.9
66502,1.0,1,174,Maburoshi no Miyako! Yuudai Naru Shandra no Iseki!!,2003,155,7.8
67729,1.0,1,175,Seizonritsu 0%!! Chopper VS Shinkan Ohm,2003,151,7.8
65066,1.0,1,176,Giant Jack o Nobore!! Jouzou Iseki no Shitou,2004,156,7.9
62886,1.0,1,177,Tetsu no Shiren no Shinkoccyou! Shiruibara Death Match!!,2004,160,8.0
60476,1.0,1,178,Hotobashiru Zangeki! Zoro VS Shinkan Ohm!!,2004,161,8.2
60709,1.0,1,179,Kuzure Yuku Jousou Iseki! Finale e no Quintet!!,2004,160,8.2
58336,1.0,1,180,Kodai Iseki no Taiketsu! God Enel no Mokuteki!!,2004,161,8.4
61519,1.0,1,181,Fairy Vearth e no Yabou Hakobune Maxim!!,2004,157,8.2
55209,1.0,1,182,Tsuini Gekitotsu! Kaizoku Luffy VS God Enel!!,2004,173,8.4
57446,1.0,1,183,Maxim Fujou! Ugoki Hajimeta Deathpiea!!,2004,164,8.4
63767,1.0,1,184,Luffy Rakka! Kami no Sabaki to Nami no Nozomi!!,2004,157,8.0
59639,1.0,1,185,Mezameta Futari! Moeru Koi no Kyuushutsu Zensen,2004,164,8.2
66198,1.0,1,186,Zetsubou e no Capriccio Semaei Kuru Sora Shima no Shoumetsu!!,2004,156,7.8
67957,1.0,1,187,Kane no Ne no Michibiki! Daisenshi to Tankenka no Monogatari,2004,154,7.7
69128,1.0,1,188,Jubaku kara no Kaihou! Daisenshi ga Nagashita Namida!!,2004,150,7.7
55930,2.0,1,189,Eien no Shinyuu! Oo-unabari ni Hibikuchikai no Kane!!,2004,174,8.3
65460,1.0,1,190,Angel-tou Shoumetsu! Raigou Kourin no Kyoufu!!,2004,151,8.0
65461,1.0,1,191,Giant Jack o Taose! Dasshutsu e no Saigo no Nozomi,2004,151,8.0
56887,1.0,1,192,Kami no Kune no Kiseki! Tenshi no Todoita Love Song,2004,166,8.4
68012,2.0,1,193,Tatakai no Shuuen! Tooku Hibiku Hokori Takaki Fantasia,2004,150,7.8
66855,1.0,1,194,Ware Koko ni Itaru! Poneglyphs ga Tsumugu Mono,2004,150,7.9
66793,1.0,1,195,Iza Seikai e!! Omoi ga Orinasu Saishuu Gakushou,2004,154,7.8
77786,5.626712328767123,1,196,Hijoujitai Hatsurei! Akumei Takaki Kaisokusen Sennyuu!,2004,143,7.2
75763,5.626712328767123,1,197,Ryourinin Sanji! Kaigun Shokudou de Shinka Hakki!,2004,141,7.4
79140,1.0,1,198,Torawareru Zoro to Chopper Kinkyuu Shittou,2004,143,7.1
75429,1.0,1,199,Semaru Kaigun no Sousa mou! Torawareta Futari Me!,2004,142,7.4
74611,1.0,1,200,Kesshi no Luffy to Sanji! Kyuushutsu Dai Sakusen!,2004,137,7.6
76592,1.0,1,201,Nekketsu Tokubetsu Butai Sansen! Bridge Koubousen!,2004,135,7.5
76482,1.0,1,202,Houi Mou Toppa! Dakkan Going Merry Gou,2004,139,7.4
77072,1.0,1,203,Kieta Kaizokusen! Yousai Koubou Dai 2 Round,2004,141,7.3
77161,5.626712328767123,1,204,Ougon Dakkan Sakusen to Waver Kaishuu Sakusen!,2004,137,7.4
75875,1.0,1,205,Ichimoudajin Keikaku! Jonathan Jishin no Hisaku,2004,137,7.5
73179,1.0,1,206,Saraba Kaigun Yousai! Dasshutsu e no Saigo no Koubou,2004,141,7.6
74726,5.626712328767123,1,207,Long Ring Long Land no Dai Bouken!,2004,144,7.4
74069,5.626712328767123,1,208,Foxy Kaizoku Dan to Davy Back!,2004,146,7.4
73811,5.626712328767123,1,209,Dai Ikkaisen! Gururi Isshuu Doughnut Race,2004,143,7.5
74363,5.626712328767123,1,210,Gingitsune no Foxy! Mouretsu Bougai Kousei,2004,149,7.3
70927,5.626712328767123,1,211,Dai 2 Kaisen! Buchi Kome Groggy Ring,2004,152,7.5
70764,5.626712328767123,1,212,Red Card Renpatsu! Groggy Ring,2004,145,7.7
76369,5.626712328767123,1,213,Dai Sankaisen! Guru Guru Roller Race!,2004,143,7.3
73902,5.626712328767123,1,214,Hakunetsu Bakusou Race! Saishuu Round Totsunyuu!,2004,139,7.6
78399,5.626712328767123,1,215,Unaru Netsukyuu Goukyuu! Kaizoku Dodgeball!,2005,145,7.1
78146,5.626712328767123,1,216,Dangai no Kessen! Daruma-san ga Koronda!,2005,146,7.1
74742,5.626712328767123,1,217,Captain Taiketsu! Saishuusen Combat!,2005,152,7.2
74364,5.626712328767123,1,218,Zenkai Noro Noro Kougeki VS Fujimi no Luffy,2005,149,7.3
72241,5.626712328767123,1,219,Souzetsu Nettou Combat! Unmei no Saishuu Kecchaku,2005,144,7.6
79032,5.626712328767123,1,220,Ushinatta? Ubawareta? Omae wa Dare Da?,2005,132,7.4
82396,5.626712328767123,1,221,Fue o Idaita Nazo no Shounen to Robin no Suiri!,2005,134,7.1
83902,5.626712328767123,1,222,Iza Kioku o Dakkan Seyo! Kaizoku Dan Shima ni Jouriku,2005,138,6.9
80754,5.626712328767123,1,223,Kiba o Muku Zoro! Tachihadakatta Yajuu!,2005,131,7.3
85086,5.626712328767123,1,224,Honjou o Awarashita Kioku Dorobou no Saigo Gyakushuu,2005,131,7.0
85770,5.626712328767123,1,225,Hokori takaki otoko! Gin Gitsune no Foxy,2005,137,6.8
85035,5.626712328767123,1,226,Mottomo Muteki ni Tsuyoi Yatsu? Tomottomo Kiken na Otoko!,2005,139,6.8
59969,2.0,1,227,Kaigun Honbu Taishou Aokiji! Saikou Senryoku no Kyoui,2005,159,8.3
65459,5.626712328767123,1,228,Gomu to Koori no Ikkiuchi! Luffy vs Aokiji,2005,151,8.0
70943,1.0,1,229,Shissou Umi Ressha to Mizu no Toshi Water Seven,2005,148,7.6
70434,1.0,1,230,Suijou Toshi no Bouken! Mokushise Kyodai Zousen Koujou,2005,146,7.7
70435,1.0,1,231,Franky ikka to Iceberg san!,2005,146,7.7
70060,1.0,1,232,Garera Company! Soukan Ichiban Dock,2005,147,7.7
70331,1.0,1,233,Kaizoku Yuukai Jiken to Shi o Matsu Dake no Kaizokusen,2005,150,7.6
56635,1.0,1,234,Nakama Kyuushutsu! Harikomi Franky House,2005,167,8.4
48566,4.0,1,235,Gekka no Oogenka! Kanashimi ni Hirugaeru Kaizokuki!,2005,196,8.6
38566,7.0,1,236,Luffy VS Usopp! Butsukaru Otoko no Iji,2005,249,8.9
69489,5.626712328767123,1,237,Genkishin Mizu no Toshi! Nerawareta Iceberg,2005,145,7.8
67252,5.626712328767123,1,238,Gomu Gomu Ningen VS Ka o Fuku Cyborg,2005,145,8.0
69223,5.626712328767123,1,239,Hannin wa Mugiwara Kaizukudan? Mizu no Toshi Youjinbou,2005,146,7.8
70503,5.626712328767123,1,240,Eien no Wakare? Yamo o Hiku Onna Nico Robin,2005,142,7.8
71651,5.626712328767123,1,241,Robin o Tsukamaero! Mugiwara Ichimi no Ketsui,2005,142,7.7
67886,5.626712328767123,1,242,Aizu wa Hougeki to Tomoni! Ugokidashita CP9,2005,143,8.0
60316,2.0,1,243,Kamen o Totta CP9! Sono Odoroki no Sugao,2005,154,8.4
61872,5.626712328767123,1,244,Himeta Kizuna! Iceberg to Franky,2005,152,8.3
63317,5.626712328767123,1,245,Kaete Koi Robin! CP9 to no Taiketsu!,2005,151,8.2
68480,5.626712328767123,1,246,Mugiwara Kaizoku Dan Zenmetsu? Model Leopard no Kyoui,2005,141,8.0
69626,5.626712328767123,1,247,Fune kara mo Aisareta Otoko! Usopp no Namida!,2005,141,7.9
66631,5.626712328767123,1,248,Franky no Kako! Umi ressha ga Hashitta Hi,2005,147,8.0
66044,5.626712328767123,1,249,Spandum no Inbou! Umi Ressha ga Yureta Hi,2005,149,8.0
62118,5.626712328767123,1,250,Densetsu no Otoko no Saigo! Umi Ressha ga Naita Hi,2005,155,8.2
62808,5.626712328767123,1,251,Uragiri no Shinsou! Robin no Kanashiki Ketsui!,2005,149,8.3
70919,5.626712328767123,1,252,Nakama o Hikihanasu Kiteki! Hashiridasu Umi Ressha,2005,137,7.9
71318,5.626712328767123,1,253,Sanji Totsunyuu! Arashi no Naka no Umiressha Battle!,2005,143,7.7
66339,1.0,1,254,Nami Tamashii no Sakebi! Mugiwara no Luffy Fukkatsu!,2006,148,8.0
68194,1.0,1,255,Mou Hitotsu no Umi Ressha! Rocketman Shutsugeki,2006,142,8.0
68104,1.0,1,256,Nakama o Sukue! Tekidoushi ga Musunda Chikai no Kizuna!,2006,146,7.9
66431,1.0,1,257,Nami o Kudake! Luffy to Zoro no Saikyou Combo,2006,144,8.1
63894,1.0,1,258,Nazo no Otoko Toujou!? Sono Na wa Sogeking!,2006,149,8.2
74239,1.0,1,259,Kokku Taiketsu! Sanji vs Ramen Kenpou,2006,138,7.6
71775,1.0,1,260,Yane no Ue no Kettou! Franky VS Nero,2006,138,7.8
68479,1.0,1,261,Gekitotsu! Onigiri Zoro VS Funekiri T-Bone,2006,141,8.0
63116,1.0,1,262,Robin Soudatsusen! Sogeking no Kisaku!!,2006,148,8.3
66134,1.0,1,263,Shihou no shima! Enies Lobby!,2006,145,8.1
66133,1.0,1,264,Jouriku Sakusen Shidou! Mugiwara Ichimi Totsunyuu Seyo!,2006,145,8.1
65723,1.0,1,265,Luffy Kaishingeki! Shihou no Shima de Daikessen!!,2006,150,8.0
68411,1.0,1,266,Kyojinzoku to no Koubou! Daini no Tobira o Akero!,2006,145,7.9
66432,1.0,1,267,Katsuro o Hirake! Sora o Tobu Rocketman!,2006,144,8.1
65834,1.0,1,268,Luffy ni Oitsuke! Mugiwara Ichimi Souryokusen,2006,146,8.1
66135,1.0,1,269,Uragirareta Robin! Sekai Seifu no Omowaku!,2006,145,8.1
61035,2.0,1,270,Robin o Kaese! Luffy VS Blueno!,2006,155,8.3
67250,1.0,1,271,Tachidomaru na! Hangeki no Noroshi o Agero!,2006,145,8.0
63315,1.0,1,272,Luffy Mokuzen! Saibansho Mae hiroba e Shuuketsu Seyo,2006,151,8.2
55410,3.0,1,273,Subete wa Nakama o Mamoru Tame ni! Gear Second Hatsudou,2006,168,8.5
53243,4.0,1,274,Kotaero Robin! Mugiwara Ichimi no Sakebi!!,2006,173,8.6
59363,2.0,1,275,Robin no Kako! Akuma to Yobareta Shoujo!,2006,161,8.3
60276,2.0,1,276,Shukumei no Oyako! Sono Haha no Na wa Orubia!,2006,158,8.3
54464,2.0,1,277,Ohara no Higeki! Buster Call no Kyoufu,2006,172,8.5
34336,15.0,1,278,Ikitai to Ie! Oretachi wa Nakama Da!!,2006,280,9.1
86202,1.0,1,279,Taki ni Mukatte Tobe!! Luffy no Omoi!!,2006,132,6.9
91170,1.0,1,280,"Otoko no Ikizama! Zoro no Waza, Usopp no Yume",2006,131,6.6
90000,1.0,1,281,Namida ga Tsumuida Nakama no Kizuna! Nami no Sekai Chizu,2006,134,6.6
91582,1.0,1,282,Wakare ga Otoko o Migaku! Sanji to Chopper,2006,126,6.7
91171,1.0,1,283,Subete wa Nakama no Tame ni! Yami no Naka no Robin!,2006,131,6.6
68984,1.0,1,284,Sekkeizu wa Watasanai! Franky no Ketsudan,2006,143,7.9
68195,1.0,1,285,Itsutsu no Kagi o Ubae! Mugiwara Ichimi Tai CP9,2006,142,8.0
67887,1.0,1,286,Akuma no Mi no Chikara! Kaku to Jabra Daihenshin,2006,143,8.0
68782,1.0,1,287,Shinde mo Keran! Sanji Otoko no Kishidou!,2006,140,8.0
65616,1.0,1,288,Fukurou no Gosan! Ore no Cola wa Inochi no Mizu!,2006,143,8.2
65835,1.0,1,289,Zoro Shinwaza Sakuretsu! Katana no Na wa Sogeking?,2006,146,8.1
67022,1.0,1,290,Seigyo Funou! Chopper Kindan no Rumble,2006,142,8.1
96000,1.0,1,291,Luffy Oyabun Futatabi! Yume ka Utsutsu ka Tomikuji Soudou,2006,136,6.2
100456,5.626712328767123,1,292,Oshiro de Mochimaki Dai Race! Akai Hana no Inbou,2007,134,6.0
70826,5.626712328767123,1,293,Awa Tsukai Kalifa! Nami ni Semaru Sekken no Wana,2007,141,7.8
67365,5.626712328767123,1,294,Hibikiwataru Kyouhou! Hatsudou Buster Call,2007,141,8.1
71777,5.626712328767123,1,295,Gonin no Nami? Hangeki wa Shinkirou to Tomo ni!,2007,138,7.8
63318,5.626712328767123,1,296,Nami no Ketsudan! Bousou Chopper o Ute!,2007,151,8.2
68053,5.626712328767123,1,297,Kariudo Sanji Toujou? Usotsuki Ookami ni Okuru Banka,2007,139,8.1
64425,5.626712328767123,1,298,Shakunetsu no Keri! Sanji Ashiwaza no Full Course,2007,147,8.2
64996,1.0,1,299,Hakujin no Moushuu! Zoro Tai Kaku Kyouryoku Zangeki Taiketsu,2007,145,8.2
46449,6.0,1,300,Kishin Zoro! Kihaku ga Miseta Asura no Keshin,2007,203,8.7
55975,1.0,1,301,Spandam Kyougaku! Shihou no Tou ni Tatsu Eiyuu,2007,162,8.6
64079,5.626712328767123,1,302,Robin Kaihou! Luffy Tai Lucci Choujou Kessen,2007,152,8.1
98908,5.626712328767123,1,303,Hannin wa Luffy Oyabun? Kieta Oozakura o Oe,2007,129,6.2
59148,1.0,1,304,Katenakya Daremo Mamorenai! Gear Third Shidou,2007,158,8.4
63115,5.626712328767123,1,305,Senritsu no Kako! Yami no Seigi to Rob Lucci,2007,148,8.3
66758,5.626712328767123,1,306,Maboroshi no Ningyo Arawaru? Usureyuku Ishiki no Naka de,2007,143,8.1
65617,5.626712328767123,1,307,Houka ni Shizumu Shima! Franky Munen no Sakebi,2007,143,8.2
61689,5.626712328767123,1,308,Luffy o Mate! Tamerai no Hashi no Shitou!,2007,149,8.4
35744,11.0,1,309,Kobushi ni Kometa Omoi! Luffy Konshin no Gatling,2007,271,9.0
59147,5.626712328767123,1,310,"Tomo, Umi yori Kitaru! Mugiwara Ichimi Saikyou no Kizuna",2007,158,8.4
60066,5.626712328767123,1,311,Zen'in Dai Dasshutsu! Shousha no Michi wa Kaizoku no Tame ni,2007,155,8.4
35566,12.0,1,312,Arigatou Merry! Yuki ni Kemuru Wakare no Umi,2007,273,9.0
62520,5.626712328767123,1,313,Yaburareta Ansoku! Ai no Kobushi o Motsu Kaigun Chuujou,2007,150,8.3
50902,3.0,1,314,Saikyou no Kakei? Akasareta Luffy no Chichi!,2007,188,8.5
66928,5.626712328767123,1,315,Sono Na wa Shinsekai! Grand Line no Yukue,2007,146,8.0
51743,3.0,1,316,Shanks Ugoku! Bousou Suru Jidai e no Kusabi,2007,184,8.5
96680,5.626712328767123,1,317,Yagara o Sagasu Shoujo! Mizu no Miyako Daisousasen,2007,130,6.3
99046,5.626712328767123,1,318,Haha wa Tsuyoshi! Zoro no Dotabata Kaji Tetsudai,2007,133,6.1
91489,5.626712328767123,1,319,Sanji Shougeki! Nazo no Jii-san to Gekiuma Ryouri,2007,134,6.5
69970,5.626712328767123,1,320,Tsui ni Zen'in Shoukin Kubi! 6-okugoe no Ichimi!,2007,140,7.9
70132,5.626712328767123,1,321,Umi o Nozomu Hyakujuu no Ou! Yume no Fune Doudou Kansei!,2007,136,8.0
70920,5.626712328767123,1,322,Saraba Itoshiki Kobun-tachi! Franky Tatsu,2007,137,7.9
66433,5.626712328767123,1,323,Shukkou Mizu no Miyako! Otoko Usopp Kettou no Kejime,2007,144,8.1
69969,5.626712328767123,1,324,Meguru Tehaisho! Kokyou wa Odoru Fune wa Susumu!,2007,140,7.9
52351,4.0,1,325,Saikyou no Nouryoku! Ace o Osou Kurohige no Yami,2007,177,8.6
89265,5.626712328767123,1,326,Nazo no Kaizoku Goikkou! Sunny-gou to Kiken na Wana,2007,128,6.8
98912,5.626712328767123,1,327,Sunny-gou Pinch! Unare Chousoku no Himitsu Mecha,2007,129,6.2
95402,5.626712328767123,1,328,Shinsekai ni Shizumu Yume! Shitsui no Kaizoku Puzzle,2007,129,6.4
91225,5.626712328767123,1,329,Osoikuru Shikaku-tachi! Hyoujou Dai Battle Kaishi,2007,127,6.7
96220,5.626712328767123,1,330,Dai Kusen Mugiwara Ichimi! Hata ni Kakeru Kaizoku Tamashii,2007,123,6.5
93658,5.626712328767123,1,331,Atsukurushisa Zenkai! Semaru Futago no Jiryoku Power,2007,125,6.6
94069,1.0,1,332,Dai Konran no Yakata! Ikaru Don to Toraware no Ichimi,2007,124,6.6
96221,5.626712328767123,1,333,Fushichou Futatabi! Tomo ni Chikau Kaizokuki no Yume,2007,123,6.5
92884,5.626712328767123,1,334,Atsu Atsu Choukessen! Luffy VS Shakunetsu no Don,2007,123,6.7
94070,5.626712328767123,1,335,Shin Sekai de Matsu! Isamashiki Kaizoku to no Wakare,2007,124,6.6
109201,5.626712328767123,1,336,Shutsudou Chopperman! Mamore Nagisa no TV-kyoku,2007,133,5.6
66273,5.626712328767123,1,337,Ma no Umi Totsunyuu! Kiri ni Ukabu Nazo no Gaikotsu,2008,141,8.2
72341,5.626712328767123,1,338,Hito ni Aeta Yorokobi! Gaikotsu Shinshi no Shoutai,2008,133,7.9
74707,5.626712328767123,1,339,Kai Genshou Zokuzoku! Thriller Bark Jouriku,2008,133,7.7
74625,5.626712328767123,1,340,Tensai to Yobareta Otoko! Hogback Arawaru!,2008,130,7.8
70586,5.626712328767123,1,341,Nami Dai Pinch! Zombie Yashiki to Toumei Ningen,2008,138,7.9
74347,5.626712328767123,1,342,Zombie no Nazo! Akumu no Hogback Kenkyuujo,2008,134,7.7
77267,5.626712328767123,1,343,Sono Na wa Moriah! Kage o Nigiru Dai Kaizoku no Wana,2008,123,7.8
77935,5.626712328767123,1,344,Zombie Song no Kyouen! Youchi no Kane wa Yami no Oto,2008,128,7.6
80008,5.626712328767123,1,345,Doubutsu Ippai? Perona no Wonder Garden,2008,126,7.5
76534,5.626712328767123,1,346,Kieru Mugiwara Ichimi! Arawareta Nazo no Kenshi!,2008,125,7.8
76999,5.626712328767123,1,347,Nokoru Kishidou! Nami o Mamoru Uragiri Zombie,2008,127,7.7
74152,5.626712328767123,1,348,Sora kara Sanjou! Kenkyou Hanauta wa Ano Otoko!,2008,128,7.9
75320,5.626712328767123,1,349,Luffy Kinkyuujitai! Saikyou no Kage no Ikisaki,2008,128,7.8
74893,5.626712328767123,1,350,Majin to Yobareta Senshi!! Oz Fukkatsu no Toki,2008,126,7.9
76142,5.626712328767123,1,351,500-nenburi no Mezame!! Oars Kaigan!!,2008,126,7.8
75321,5.626712328767123,1,352,Shinnen no Inochigoi!! Afro o Mamoru Brook,2008,128,7.8
71180,5.626712328767123,1,353,Otoko no Chikai wa Shinazu!! Tooi Sora de Matsu Tomo e,2008,133,8.0
82191,5.626712328767123,1,354,Kanarazu Ai ni Iku!! Brook to Yakusoku no Misaki,2008,124,7.4
77268,5.626712328767123,1,355,Meshi to Nami to Kage!! Luffy Ikari no Daihangeki,2008,123,7.8
77269,5.626712328767123,1,356,Usopp Saikyou? Negative wa Makasetoke,2008,123,7.8
76894,5.626712328767123,1,357,General Zombie Shunsatsu!! Oars wa Bouken Kibun!!,2008,124,7.8
79078,5.626712328767123,1,358,Honoo no Knight Sanji!! Keritsubuse Itsuwari no Kyoshiki,2008,125,7.6
78294,5.626712328767123,1,359,Suke Suke no Innen? Ubawareta Sanji no Yume,2008,127,7.6
76535,5.626712328767123,1,360,Tasukete Hero!? Teki wa Fujimi no Princess,2008,125,7.8
76998,1.0,1,361,Perona Kyoufu!? Uso no U wa Usopp no U,2008,127,7.7
73050,5.626712328767123,1,362,Yane ni Mau Zangeki!! Kecchaku Zoro Tai Ryuuma,2008,131,7.9
78172,5.626712328767123,1,363,Chopper Gekido!! Hogback Ma no Ijutsu,2008,124,7.7
81547,5.626712328767123,1,364,Oz Hoeru!! Detekoi Mugiwara no Ichimi,2008,129,7.3
78696,5.626712328767123,1,365,Teki wa Luffy!! Saikyou Zombie Tai Mugiwara no Ichimi,2008,126,7.6
77373,5.626712328767123,1,366,Taorero Absalom!! Nami Yuujou no Raigeki!!,2008,126,7.7
71492,5.626712328767123,1,367,Ubae Down!! Hissatsu Mugiwara Docking?,2008,132,8.0
74262,5.626712328767123,1,368,Ashioto Naki Shuurai!! Nazo no Boumonsha: Boukun Kuma,2008,131,7.8
73727,5.626712328767123,1,369,Oars Plus Moriah: Chikara to Zunou no Saikyou Gattai,2008,129,7.9
72670,5.626712328767123,1,370,Gyakuten e no Hisaku: Nightmare Luffy Kenzan,2008,132,7.9
71493,5.626712328767123,1,371,"Kaimetsu, Mugiwara Ichimi: Kagekage no Chikara Zenkai",2008,132,8.0
64557,1.0,1,372,Chouzetsu Battle Start! Luffy vs Luffy,2008,143,8.3
66909,5.626712328767123,1,373,"Kecchaku Semaru! Tatakikome, Todome no Ichigeki",2008,139,8.2
68042,5.626712328767123,1,374,Karada ga Kieru! Akumu no Shima ni Sasu Asahi!,2008,139,8.1
70496,5.626712328767123,1,375,Owaranai Kiki! Mugiwara Ichimi Massatsu Shirei,2008,135,8.0
60740,1.0,1,376,Subete o Hajiku: Kuma no Nikyunikyu no Chikara,2008,156,8.3
28147,20.0,1,377,Nakama no Itami wa Waga Itami: Zoro Kesshi no Tatakai,2008,359,9.2
71608,5.626712328767123,1,378,Tooi Hi no Yakusoku: Kaizoku no Uta to Chiisana Kujira,2008,135,7.9
73878,5.626712328767123,1,379,Brook no Kako: Youki na Nakama Kanashiki Wakare,2008,132,7.8
60860,1.0,1,380,Binks no Sake: Kako to Genzai o Tsunagu Uta,2008,152,8.4
72602,5.626712328767123,1,381,Arata na Nakama! Ongakuka Hanauta no Brook,2008,129,8.0
95851,5.626712328767123,1,382,Noronoro no Kyoui: Gingitsune no Foxy Futatabi,2008,124,6.5
94888,5.626712328767123,1,383,Otakara Daisoudatsusen! Houkai! Spa Island Gou,2008,126,6.5
81747,5.626712328767123,1,384,Brook's Hard Struggle the Difficult Path to Becoming a True C...,2009,125,7.4
76991,5.626712328767123,1,385,Halfway Through the Grand Line Arrival! The Red Line,2009,127,7.7
76992,5.626712328767123,1,386,Hatred of the Straw Hat Crew Enter Iron Mask Duval,2009,127,7.7
79082,5.626712328767123,1,387,The Fated Reunion! Save the Imprisoned Fishman,2009,125,7.6
76884,5.626712328767123,1,388,Tragedy! The Truth of the Unmasked Duval,2009,124,7.8
76885,5.626712328767123,1,389,Explosion! The Sunny's Super Secret Weapon Gaon Cannon,2009,124,7.8
77943,5.626712328767123,1,390,Gyojin-tou o Mezashite Jouriku: Sabaody Shotou,2009,128,7.6
75632,5.626712328767123,1,391,Bougyaku! Sabaody no Shihaisha Tenryuubito,2009,124,7.9
71176,5.626712328767123,1,392,Arata na Rival Shuuketsu! 11-nin no Choushinsei,2009,133,8.0
75325,5.626712328767123,1,393,Hyouteki wa Camie!! Semaru Hitosaraiya no Mashu,2009,128,7.8
73876,5.626712328767123,1,394,Camie o Sukue: Shotou ni Nokoru Ankoku no Rekishi,2009,132,7.8
70495,5.626712328767123,1,395,Time Limit: Human Auction Kaimaku,2009,135,8.0
48093,7.0,1,396,Tekken Sakuretsu! Auction o Buttsubuse,2009,194,8.7
51448,5.0,1,397,Dai Panic! Auction Kaijou no Shitou,2009,177,8.7
63986,2.0,1,398,Taishou Kizaru Ugoku! Souzen Sabaody Shotou,2009,145,8.3
65611,2.0,1,399,Houimou o Toppa Seyo! Kaigun Tai Sannin no Senchou,2009,143,8.2
53504,5.0,1,400,Roger to Rayleigh: Kaizoku Ou to Sono Migiude,2009,176,8.5
64260,1.0,1,401,Kaihi Fukanou!? Taishou Kizaru no Kousoku no Keri,2009,144,8.3
65532,2.0,1,402,Attouteki! Kaigun no Sentou Heiki Pacifista,2009,140,8.3
62992,3.0,1,403,Saranaru Kyouteki Arawaru! Masakari Katsuida Sentoumaru,2009,145,8.4
48214,7.0,1,404,Taishou Kizuru no Moukou Mugiwara Ichimi Zettaizetsumei!,2009,189,8.8
28216,24.0,1,405,Kesareta Nakama-tachi: Mugiwara Ichimi Saigo no Hi,2009,358,9.2
104117,1.0,1,406,Jidaigeki Tokubetsu Hen: Luffy Oyabun Futatabi Kenzan,2009,122,6.1
106033,5.626712328767123,1,407,Jidaigeki Tokubetsu Hen: Yabure! Thriller Shoukai no Wana,2009,118,6.1
75844,5.626712328767123,1,408,Jouriku! Danshi Kinsei no Shima Amazon Lily,2009,130,7.7
76234,5.626712328767123,1,409,Isoge! Nakama-tachi no Moto e: Nyougashima no Bouken,2009,129,7.7
76746,5.626712328767123,1,410,Minna Meromero! Kaizoku Jotei Hancock,2009,131,7.6
76146,5.626712328767123,1,411,Senaka ni Kakusareta Himitsu: Souguu Luffy to Hebihime,2009,126,7.8
72604,5.626712328767123,1,412,Hijou no Sabaki! Ishi ni Sareta Margaret!!,2009,129,8.0
67932,1.0,1,413,Luffy Daikusen! Hebi Shimai no Haki no Chikara!!,2009,136,8.2
70668,5.626712328767123,1,414,Nouryoku Zenkai Battle!! Gomugomu Tai Hebihebi,2009,128,8.2
68933,5.626712328767123,1,415,Hancock no Kokuhaku: Shimai no Imawashiki Kako,2009,133,8.2
70394,5.626712328767123,1,416,Ace o Sukue! Arata na Mokutekichi wa Daikangoku,2009,132,8.1
68049,5.626712328767123,1,417,Koi wa Hurricane! Meromero Hancock,2009,139,8.1
75711,5.626712328767123,1,418,Nakama-tachi no Yukue: Tenkou no Kagaku to Karakurijima,2009,127,7.8
81313,5.626712328767123,1,419,Nakama-tachi no Yukue: Kyochou no Shima to Momoiro no Rakuen!,2009,126,7.4
76989,5.626712328767123,1,420,Nakama-tachi no Yukue: Shima o Tsunagu Hashi to Shokujin Shok...,2009,127,7.7
77371,5.626712328767123,1,421,Nakama-tachi no Yukue: Negative Princess to Akuma Ou,2009,126,7.7
76538,5.626712328767123,1,422,Kesshi no Sennyuu! Kaitei Kangoku Impel Down Sennyuu!,2009,125,7.8
76145,5.626712328767123,1,423,Jigoku de Saikai!? Bara Bara no Mi no Jitsuryokusha!,2009,126,7.8
77808,5.626712328767123,1,424,Yabure! Guren Jigoku: Buggy no Dohade Daisakusen,2009,125,7.7
77809,1.0,1,425,Kangoku Saikyou no Otoko! Doku Ningen Magellan Toujou,2009,125,7.7
91987,5.626712328767123,1,426,Eiga Rendou Special: Ugokidasu Kinjishi no Yabou,2009,118,6.9
100117,5.626712328767123,1,427,Eiga Rendou Special: Nerawareta Little East Blue,2009,115,6.5
97820,5.626712328767123,1,428,Eiga Rendou Special: Amigo Kaizokudan no Moukou,2009,116,6.6
98316,5.626712328767123,1,429,Eiga Rendou Special: Kessen! Luffy Tai Largo,2009,115,6.6
78086,5.626712328767123,1,430,Toraware no Ouka Shichibukai! Kaikyou no Jinbee,2009,121,7.8
80627,5.626712328767123,1,431,Roubanchou Saldeath no Wana: Level 3 Kiga Jigoku,2009,118,7.7
76452,5.626712328767123,1,432,Tokihanatareta Swan! Saikai! Bon Clay,2009,122,7.9
70393,2.0,1,433,Shochou Magellan Ugoku: Kansei! Mugiwara Houimou,2010,132,8.1
77810,1.0,1,434,Zensenryoku Shuuketsu! Level 4 Shounetsu Jigoku no Kessen,2010,125,7.7
70839,1.0,1,435,Magellan Tsuyoshi! Bon Clay Tekizen Toubou,2010,134,8.0
68048,1.0,1,436,Shiyuu Kessu! Sutemi no Luffy Saigo no Ichigeki,2010,139,8.1
74529,5.626712328767123,1,437,Dachi Dakara: Bon Clay Kesshi no Kyuushutsukou,2010,127,7.9
78179,5.626712328767123,1,438,Jigoku ni Rakuen! Impel Down Level 5.5,2010,124,7.7
83011,5.626712328767123,1,439,Luffy Chiryou Kaishi: Ivan-san Kiseki no Chikara!!,2010,122,7.4
79204,5.626712328767123,1,440,Kiseki o Shinjite! Bon Clay Tamashii no Seien,2010,128,7.5
75227,5.626712328767123,1,441,Luffy Fukkatsu! Iwa-san Datsugoku Keikaku Shidou!!,2010,125,7.9
73323,5.626712328767123,1,442,Ace Gosou Kaishi: Saikasou Level 6 no Koubou!,2010,127,8.0
72606,5.626712328767123,1,443,Saikyou Team Kessei: Shinkan! Inpel Down,2010,129,8.0
74532,5.626712328767123,1,444,Saranaru Konran! Kurohige Teach Shuurai!,2010,127,7.9
74887,5.626712328767123,1,445,Kiken na Deai! Kurohige to Ame no Shiryuu,2010,126,7.9
71422,5.626712328767123,1,446,Iji demo Taorenu! Honki no Hannyabaru,2010,129,8.1
61866,2.0,1,447,Ikari no Jet Pistol: Luffy vs Kurohige,2010,152,8.3
76898,5.626712328767123,1,448,Magellan o Tomero! Iva-san Ougi Sakuretsu,2010,124,7.8
76024,5.626712328767123,1,449,Magellan no Kisaku! Habamareta Datsugoku Keikaku,2010,123,7.9
71424,5.626712328767123,1,450,Datsugoku Team Zettaizetsumei: Kinjite Venom Demon,2010,129,8.1
60416,1.0,1,451,Okose Saigo no Kiseki: Seigi no Mon o Toppa Seyo,2010,150,8.5
76022,5.626712328767123,1,452,Mezase Kaigun Honbu: Ace Kyuushutsu e no Funade!,2010,123,7.9
86114,5.626712328767123,1,453,Nakama-tachi no Yukue: Weatheria Report to Cyborg Animal,2010,118,7.3
92197,5.626712328767123,1,454,Nakama-tachi no Yukue: Kyochou no Hina to Momoiro no Taiketsu,2010,121,6.8
86978,5.626712328767123,1,455,Nakama-tachi no Yukue: Kakumeigun to Boushoku no Mori no Wana!,2010,116,7.3
86115,5.626712328767123,1,456,Nakama-tachi no Yukue: Kyodai na Bohyou to Pantsu no On,2010,118,7.3
85836,5.626712328767123,1,457,Marineford Chokuzen Kaisou Special: Kyoudai no Chikai!,2010,122,7.2
86556,1.0,1,458,Marineford Chokuzen Kaisou Special: Shuuketsu! San Taishou,2010,131,6.9
65817,2.0,1,459,Kessen no Toki Semaru! Kaigun Saikyou no Fujin Kansei!,2010,146,8.1
62399,2.0,1,460,Kyodai Kantai Arawaru: Shuurai! Shirohige Kaizokudan,2010,154,8.2
54984,3.0,1,461,Kessen no Makuake! Ace to Shirohige no Kako,2010,174,8.4
62400,3.0,1,462,Sekai o Horobosu Chikara! Guragura no Mi no Nouryoku,2010,154,8.2
56935,4.0,1,463,Subete o Yakitsukusu!! Taishou Akainu no Chikara!,2010,162,8.5
62512,4.0,1,464,Majin no Shison! Little Oars Jr. Bakushin!,2010,150,8.3
60059,3.0,1,465,Shousha dake ga Seigi Hatsudou! Sengoku no Sakusen!,2010,155,8.4
49641,5.0,1,466,Mugiwara Team Touchaku Fuunkyuu o Tsugeru Senjou,2010,186,8.7
52090,5.0,1,467,Shinde mo Tasukeru: Luffy vs Kaigun Battle Start,2010,174,8.7
56980,4.0,1,468,Gekisen no Renzoku! Nouryokusha Gundan VS Nouryokusha Gundan,2010,158,8.6
62211,4.0,1,469,Kuma ni Okita Ihen Iva-san Ikari no Ichigeki,2010,151,8.3
58957,4.0,1,470,Kengou Mihawk Luffy ni Semaru Kokutou no Zangeki,2010,155,8.5
61113,4.0,1,471,Senmetsu Sakusen Shidou: Pacifista Gundan no Iryoku,2010,151,8.4
61615,4.0,1,472,Akainu no Bouryaku! Otoshiirerareta Shirohige,2010,153,8.3
61402,4.0,1,473,Houiheki Sadou! Shirohige Kaizokudan Zettaizetsumei!!,2010,150,8.4
52575,5.0,1,474,Shokei Shikkou Shirei Kudaru: Houiheki o Toppa Seyo!,2010,180,8.5
58217,4.0,1,475,Saishuu Kyokumen Totsunyuu! Shirohige Kishikaisei no Itte,2010,154,8.6
59144,5.0,1,476,Luffy Chikaratsuku! Oris Hiroba no Souryokusen!!,2010,158,8.4
62302,4.0,1,477,Inochi o Kezuru Chikara: Tension Hormone Futatabi,2010,147,8.4
52767,4.0,1,478,Yakusoku no Tame ni!! Gekitou! Luffy to Coby,2010,175,8.6
60058,4.0,1,479,Shokeidai Mokuzen! Hirakareta Ace e no Michi!!,2010,155,8.4
51895,5.0,1,480,Sorezore no Eranda Michi: Luffy vs Garp!,2010,179,8.6
42522,10.0,1,481,Ace Kyuushutsu! Shirohige Saigo no Senchou Meirei!,2010,218,8.9
30117,29.0,1,482,Hi o mo Yaki Tsukusu Chikara: Akainu Hijou no Tsuigeki,2011,334,9.1
20664,58.0,1,483,Kotae o Sagashite: Hiken Ace Senjou ni Shisu,2011,524,9.3
34454,23.0,1,484,Kaigun Honbu Houkai! Shirohige Kotobanaki Ikari!,2011,285,9.0
27093,37.0,1,485,Kejime o Tsukeru: Shirohige vs Kurohige Kaizokudan,2011,370,9.3
49315,12.0,1,486,Show no Kaimaku: Akasareta Kurohige no Takurami,2011,192,8.6
55637,8.0,1,487,Akainu no Shuunen! Luffy o Osou Magma no Kobushi,2011,171,8.4
43228,14.0,1,488,Hisshi no Sakebi: Unmei o Kaeru Yuuki Aru Suubyou,2011,223,8.7
39674,15.0,1,489,Shanks Kenzan! Choujou Sensou Tsui ni Shuuketsu,2011,245,8.8
66747,5.0,1,490,Gun'yuu Kakkyo Su! Atarashii Jidai no Hajimari!,2011,143,8.1
69787,4.0,1,491,Nyougashima Jouriku: Luffy o Semeru Kakoku na Genjitsu,2011,137,8.0
104696,2.0,1,492,"Saikyou Tag! Funtou, Luffy to Toriko!",2011,117,6.2
66353,3.0,1,493,Luffy to Ace: Kyoudai no Deai no Monogatari!,2011,148,8.0
71604,3.0,1,494,Sabo Toujou! Gray Terminal no Shounen,2011,135,7.9
77804,3.0,1,495,Ore wa Nigenai: Ace Kesshi no Kyuushutsu Sakusen,2011,125,7.7
76899,3.0,1,496,Itsuka Umi e! Sannin no Akudou Chikai no Sakazuki!,2011,124,7.8
77805,4.0,1,497,Dadan Ikka to no Wakare!? Kansei! Himitsu Kichi,2011,125,7.7
83972,3.0,1,498,Luffy Deshiiri!? Kaizoku Ou to Tatakatta Otoko!,2011,123,7.3
83008,2.0,1,499,Ootora to no Kessen! Senchou ni Naru no wa Dare Da!,2011,122,7.4
79403,2.0,1,500,Ubawareta Jiyuu! Sankyoudai ni Semaru Kizoku no Wana,2011,121,7.7
79086,2.0,1,501,Hanatareta Honoo: Gray Terminal no Kiki,2011,125,7.6
80293,1.0,1,502,Jiyuu wa Doko ni Aru? Shounen no Kanashiki Funade,2011,122,7.6
68247,3.0,1,503,Yoroshiku Tanomu! Kyoudai kara Todoita Tegami!,2011,135,8.2
74631,1.0,1,504,Yakusoku o Hatasu Tame: Sorezore no Tabidachi!,2011,130,7.8
68379,1.0,1,505,Aitsura ni Aitee! Luffy Namida no Sakebi,2011,138,8.1
75716,2.0,1,506,Mugiwara no Ichimi Gekishin! Motarasareta Kyouhou,2011,127,7.8
74272,2.0,1,507,Meiou Rayleigh to no Saikai: Luffy Ketsudan no Toki,2011,131,7.8
80492,1.0,1,508,Senchou no Moto e: Sorajima no Datsugoku to Fuyujima no Jiken,2011,128,7.4
77381,1.0,1,509,Sesshoku! Daikengou Mihawk: Zoro Iji no Shitou,2011,126,7.7
77938,1.0,1,510,Sanji no Junan: Oukoku e to Kikan Shita Joou!,2011,128,7.6
74343,2.0,1,511,Masaka no Saijouriku! Luffy Marineford e!,2011,134,7.7
76996,1.0,1,512,Nakama ni Todoke: Kakemeguru Dai News!,2011,127,7.7
82271,2.0,1,513,Ugokidasu Kaizoku-tachi! Kyoutendouchi no Shinsekai,2011,127,7.3
84577,1.0,1,514,Jigoku o Ikinuke: Sanji Otoko o Kaketa Shoubu,2011,125,7.2
76232,2.0,1,515,Madamada Tsuyoku Naru! Zoro Senchou e no Chikai,2011,129,7.7
58059,2.0,1,516,Luffy Shugyou Kaishi: 2-nengo ni Yakusoku no Basho de,2011,162,8.4
48830,5.0,1,517,Shinshou Kaimaku: Saishuuketsu! Mugiwara no Ichimi,2011,204,8.4
68401,2.0,1,518,Isshokusokuhatsu! Luffy Tai Nise Luffy,2011,145,7.9
70816,1.0,1,519,Kaigun Shutsudou: Nerawareta Mugiwara no Ichimi,2011,141,7.8
71634,1.0,1,520,Oomono Shuuketsu: Nise Mugiwara Ichimi no Kyoui,2011,142,7.7
51052,5.0,1,521,Sentou Kaishi! Misero Shugyou no Seika!,2011,183,8.6
68381,1.0,1,522,Zen'in Shuugou: Luffy Shinsekai e no Funade,2011,138,8.1
76607,1.0,1,523,Kyougaku no Shinjitsu: Sunny-gou o Mamotta Otoko,2011,128,7.7
80955,2.0,1,524,Kaichuu no Shitou: Arawareta Oounabara no Akuma,2011,127,7.4
81932,2.0,1,525,Shinkai de Sounan: Hagureta Mugiwara no Ichimi,2011,118,7.6
81933,1.0,1,526,Kaitei Kazan Funka! Nagasarete Gyojintou,2011,118,7.6
80623,1.0,1,527,Gyojintou Jouriku: Uruwashiki Ningyo-tachi,2011,118,7.7
83007,1.0,1,528,Koufun Bakuhatsu! Sanji Seimei no Kiki!,2011,122,7.4
83083,2.0,1,529,Gyojintou Metsubou!? Sharley no Yogen,2011,125,7.3
82483,5.626712328767123,1,530,Gyojintou no Ou: Kaishin Neptune!,2012,120,7.5
85841,5.626712328767123,1,531,Ryuuguujou! Tasuketa Same ni Tsurerarete,2012,122,7.2
83478,5.626712328767123,1,532,Yowamushi de Nakimushi! Koukakutou no Ningyo Hime,2012,121,7.4
85282,5.626712328767123,1,533,Kinkyuu Jitai Hassei: Senkyo Sareta Ryuuguujou,2012,120,7.3
77939,5.626712328767123,1,534,Ryuuguujou Gekishin! Shirahoshi Yuukai Jiken,2012,128,7.6
83863,1.0,1,535,Hody Shuurai: Fukushuu Keikaku no Hajimari,2012,120,7.4
79794,5.626712328767123,1,536,Ryuuguujou no Kessen! Zoro Tai Hody,2012,120,7.7
80198,5.626712328767123,1,537,Shirahoshi o Mamore: Decken no Tsuigeki,2012,119,7.7
81578,5.626712328767123,1,538,Ichimi Haiboku!? Hody Ryuuguujou Seiatsu,2012,119,7.6
83479,5.626712328767123,1,539,Yomigaeru Innen! Nami to Gyojin Kaizokudan!,2012,121,7.4
77503,5.626712328767123,1,540,Dorei Kaihou no Eiyuu: Boukenka Tiger,2012,129,7.6
76890,5.626712328767123,1,541,Kizaru Toujou! Tiger o Nerau Wana!,2012,124,7.8
103661,5.626712328767123,1,542,Team Kessei! Chopper o Sukue,2012,115,6.3
76134,1.0,1,543,Eiyuu no Saigo: Tiger Shougeki no Shinjitsu,2012,126,7.8
82579,5.626712328767123,1,544,Kaizokudan Bunretsu: Jinbe Tai Arlong,2012,123,7.4
84866,5.626712328767123,1,545,Yureru Gyojintou! Hyouchaku Shita Tenryuubito,2012,121,7.3
79401,5.626712328767123,1,546,Totsuzen no Higeki! Mirai o Tozasu Kyoudan,2012,121,7.7
82826,5.626712328767123,1,547,Futatabi Genzai e! Ugokidasu Hody,2012,116,7.6
82827,1.0,1,548,Oukoku Gekishin: Neptune Shokei Shirei,2012,116,7.6
81031,1.0,1,549,Shoujita Kiretsu! Luffy Tai Jinbe,2012,117,7.7
87952,1.0,1,550,Hody no Ihen: Kyouyaku no Shin no Chikara!,2012,117,7.2
88554,1.0,1,551,Kessen Hajimaru: Gyoncorde Hiroba!,2012,119,7.1
85691,1.0,1,552,Shougeki no Kokuhaku: Otohime Ansatsu no Shinjitsu,2012,119,7.3
78176,1.0,1,553,Shirahoshi no Namida! Luffy Tsui ni Toujou,2012,124,7.7
65863,1.0,1,554,Dai Gekitotsu! Mugiwara Ichimi VS 10 Man no Teki,2012,139,8.3
80199,5.626712328767123,1,555,Oowaza Sakuretsu! Zoro Sanji Shutsugeki!,2012,119,7.7
82481,5.626712328767123,1,556,Hatsu Hirou! Sunny Gou no Himitsu Heiki!,2012,120,7.5
87461,5.626712328767123,1,557,Iron Pirate! Franky Shougun Toujou,2012,115,7.3
87101,5.626712328767123,1,558,Noah Sekkin! Gyojintou Kaimetsu no Kiki!,2012,119,7.2
90062,5.626712328767123,1,559,Isoge Luffy! Shirahoshi Zettaizetsumei,2012,119,7.0
85394,5.626712328767123,1,560,Gekitou Kaishi! Luffy Tai Hody!,2012,123,7.2
83584,5.626712328767123,1,561,Dairansen! Ichimi Tai Shin Gyojin Kaizokudan!,2012,124,7.3
93112,5.626712328767123,1,562,Luffy Haiboku!? Hody Fukushuu no Toki,2012,119,6.8
91985,5.626712328767123,1,563,Shougeki no Jijitsu! Hody no Shoutai!,2012,118,6.9
89491,5.626712328767123,1,564,Zero ni! Luffy e no Atsuki Negai!,2012,117,7.1
80296,5.626712328767123,1,565,Luffy Konshin no Ichigeki! Red Hawk Sakuretsu,2012,122,7.6
85600,5.626712328767123,1,566,Tsui ni Kecchaku! Hody Saishuu Kessen,2012,116,7.4
85697,5.626712328767123,1,567,Tomare Noah! Kesshi no Elephant Gatling!,2012,119,7.3
83975,5.626712328767123,1,568,Mirai e! Taiyou e to Tsuzuku Michi!,2012,123,7.3
85840,5.626712328767123,1,569,Akasareta Himitsu: Kodai Heiki no Shinjitsu,2012,122,7.2
77708,5.626712328767123,1,570,Ichimi Kyougaku! Aratanaru Kaigun Gensui!,2012,122,7.8
81120,5.626712328767123,1,571,Okashizuki! Yonkou Big Mom,2012,120,7.6
85601,5.626712328767123,1,572,Zento Tanan: Shin Sekai ni Machiukeru Wana,2012,116,7.4
86109,5.626712328767123,1,573,Tsui ni Shukkou! Sayonara Gyojin-tou,2012,118,7.3
86982,5.626712328767123,1,574,Shin Sekai e! Saikyou no Umi o Mezashite,2012,116,7.3
96229,5.626712328767123,1,575,Z no Yabou Hen: Chiisana Kyojin Lily!,2012,106,7.0
94756,5.626712328767123,1,576,Z no Yabou Hen: Nazo no Saikyou Gundan Toujou!,2012,109,7.0
95853,5.626712328767123,1,577,Z no Yabou Hen: Kesshi no Dai Dasshutsu Sakusen!,2012,110,6.9
93849,5.626712328767123,1,578,Z no Yabou Hen: Luffy VS Shuzo!,2012,121,6.7
81311,5.626712328767123,1,579,Jouriku! Moeru Shima Punk Hazard,2013,126,7.4
86673,5.626712328767123,1,580,Shakunetsu no Tatakai! Luffy Tai Kyodai Ryuu!,2013,120,7.2
90063,5.626712328767123,1,581,Ichimi Souzen! Shougeki no Kubi dake Samurai Toujou!,2013,119,7.0
87560,5.626712328767123,1,582,Kyougaku! Tsui ni Akasareru Shima no Himitsu,2013,118,7.2
90917,5.626712328767123,1,583,Kodomo-tachi o Sukue! Ichimi Sentou Kaishi,2013,117,7.0
86041,5.626712328767123,1,584,Kenjutsu Shoubu: Brook Tai Nazo no Doutai Samurai,2013,115,7.4
83349,5.626712328767123,1,585,Shichibukai! Trafalgar Law,2013,118,7.5
84165,5.626712328767123,1,586,Dai Pinch: Luffy Gokkan no Mizuumi ni Shizumu,2013,116,7.5
78055,1.0,1,587,Gekitotsu! Law VS Smoker Chuujou,2013,118,7.9
84653,5.626712328767123,1,588,2 Nenburi no Saikai! Luffy to Law,2013,115,7.5
87855,5.626712328767123,1,589,Sekai Saiaku Kyoufu no Kagakusha Caesar,2013,114,7.3
108155,5.626712328767123,1,590,Jijou Saikyou Colabo VS Umi no Taishokukan,2013,122,5.9
87456,5.626712328767123,1,591,Chopper Gekido Master Hidounaru Jikken,2013,115,7.3
90918,5.626712328767123,1,592,Ichimi Massatsu! Densetsu no Koroshiya Raishuu!,2013,117,7.0
84753,5.626712328767123,1,593,Nami o Sukue! Luffy Yukiyama no Tatakai,2013,118,7.4
81118,5.626712328767123,1,594,Kessei! Luffy-Law Kaizoku Doumei!,2013,120,7.6
87856,5.626712328767123,1,595,Master o Toraero: Kaizoku Doumei Sakusen Kaishi!,2013,114,7.3
87457,5.626712328767123,1,596,Zenmetsu no Kiki: Shi no Monster Hirai,2013,115,7.3
82316,5.626712328767123,1,597,Dai-Gekisen: Caesar Shin no Nouryoku Hatsudou!,2013,114,7.7
87857,5.626712328767123,1,598,Honoo Kirisaku Samurai! Kitsunebi no Kin'emon!,2013,114,7.3
85169,5.626712328767123,1,599,Shougeki! Nazo no Otoko Vergo no Shoutai!,2013,117,7.4
87947,5.626712328767123,1,600,Kodomo-tachi o Mamore! Semaru Master no Ma no Te,2013,117,7.2
86577,5.626712328767123,1,601,Shin Sekai Gekishin: Caesar Akumu no Jikken,2013,117,7.3
87858,5.626712328767123,1,602,Shijou Saiaku no Satsuriku Heiki! Shinokuni,2013,114,7.3
83264,1.0,1,603,Hangeki Kaishi! Luffy-Law Daidasshutsu,2013,115,7.6
86042,5.626712328767123,1,604,Mezase R-tou! Kaizoku Doumei Kaishingeki!,2013,115,7.4
89090,5.626712328767123,1,605,Tashigi no Namida: G-5 Kesshi no Toppa Sakusen,2013,118,7.1
86578,5.626712328767123,1,606,Uragiri no Chuujou! Kichiku no Vergo,2013,117,7.3
79381,5.626712328767123,1,607,Hakunetsu no Gekisen: Luffy VS Caesar,2013,115,7.9
85170,5.626712328767123,1,608,Yami no Kuromaku! Doflamingo Ugoku!,2013,117,7.4
85171,5.626712328767123,1,609,Luffy Toushi!? Kyoufu no Yukionna Monet!,2013,117,7.4
87948,1.0,1,610,Butsukaru Kobushi! Futari no Chuujou no Tatakai,2013,117,7.2
88466,5.626712328767123,1,611,Chiisana Dragon! Momonosuke Arawaru,2013,116,7.2
86043,5.626712328767123,1,612,Fubuki no Shitou: Mugiwara no Ichimi Tai Yukionna,2013,115,7.4
72213,1.0,1,613,Ougi Sakuretsu! Zoro Saikyou no Ittou-ryuu!,2013,130,8.0
82477,5.626712328767123,1,614,Tomodachi o Mamoru! Mocha Inochi-gake no Tousou,2013,120,7.5
82823,5.626712328767123,1,615,Chahige Hitsuu! Luffy Ikari no Ichigeki,2013,116,7.6
67927,1.0,1,616,Shougeki no Kecchaku! Smoker Tai Vergo!,2013,136,8.2
78583,5.626712328767123,1,617,Caesar Gekiha! Saikyou no Grizzly Magnum,2013,123,7.7
84655,5.626712328767123,1,618,Shuurai! Dressrosa kara no Shikaku,2013,115,7.5
81574,5.626712328767123,1,619,Ooabare! Muteki no Franky Shougun,2013,119,7.6
78978,1.0,1,620,Zettai Zetsumei! Punk Hazard Dai-Bakuhatsu,2013,122,7.7
77715,5.626712328767123,1,621,Caesar o Hokaku-seyo - General Canon Sakuretsu,2013,122,7.8
80300,5.626712328767123,1,622,Kandou no Saikai! Momonosuke to Kin'emon,2013,122,7.6
82576,5.626712328767123,1,623,Sekibetsu no Toki - Punk Hazard Shukkou!,2013,123,7.4
71273,4.0,1,624,G-5 Kaimetsu! Doflamingo Kyuushuu!,2013,136,7.9
73510,1.0,1,625,Kinpaku! Aokiji tai Doflamingo,2013,133,7.8
93412,5.626712328767123,1,626,Kieta Caesar! Kaizoku Doumei Shutsugeki,2013,115,6.9
95520,5.626712328767123,1,627,Luffy Umi ni Shisu!? Kaizoku Doumei Houkai,2014,114,6.8
98208,5.626712328767123,1,628,Daigyakuten! Sakuretsu Luffy Ikari no Tekken,2014,112,6.7
71276,5.626712328767123,1,629,Gekishin! Shinsekai Ugokasu Dai News,2014,136,7.9
73385,5.626712328767123,1,630,Bouken! Ai to Jounetsu no Kuni Dressrosa,2014,130,7.9
69783,5.626712328767123,1,631,Nekkyou Uzumaku: Corrida Colosseum,2014,137,8.0
76136,5.626712328767123,1,632,Kiken na Koi: Odoriko Violet,2014,126,7.8
76137,5.626712328767123,1,633,Saikyou no Mumei Senshi! Lucy Toujou,2014,126,7.8
76529,5.626712328767123,1,634,Kaizoku Kikoushi Cavendish,2014,125,7.8
74881,5.626712328767123,1,635,Unmei no Saikai: Hyena no Bellamy,2014,126,7.9
75229,5.626712328767123,1,636,Choushinsei! Hitokui no Bartolomeo,2014,125,7.9
77199,5.626712328767123,1,637,Gun'yuu Kakkyo! Hakunetsu no B Block!,2014,120,7.9
74882,5.626712328767123,1,638,Ichigeki Hissatsu! Kyoui no King Punch,2014,126,7.9
78972,5.626712328767123,1,639,Tougyo Shuurai! Shi no Tekkyou o Toppa Seyo,2014,122,7.7
84295,5.626712328767123,1,640,Bouken! Yousei no Shima Green Bit,2014,119,7.4
82487,5.626712328767123,1,641,Shirarezaru Sekai Tontatta Oukoku,2014,120,7.5
75165,1.0,1,642,Seiki no Bouryaku: Doflamingo Ugoku,2014,122,8.0
72523,5.626712328767123,1,643,Tenchi Yurugasu! Taishou Fujitora no Jitsuryoku,2014,126,8.1
76893,5.626712328767123,1,644,Ikari no Ichigeki! Kyojin vs Lucy,2014,124,7.8
83482,5.626712328767123,1,645,Hakai-hou Sakuretsu! Lucy Kikiippatsu,2014,121,7.4
63120,1.0,1,646,Densetsu no Kaizoku - Don Chinjao!,2014,148,8.3
81584,5.626712328767123,1,647,Hikari to Kage - Dressrosa ni Hisomu Yami!,2014,119,7.6
80624,5.626712328767123,1,648,Shutsugeki - Densetsu no Hero Usoland,2014,118,7.7
69672,5.626712328767123,1,649,Gekisen Kecchaku! Lucy VS Chinjao!,2014,134,8.1
78051,5.626712328767123,1,650,Luffy to Shukumei no Ken Toushi Rebecca,2014,118,7.9
80577,5.626712328767123,1,651,Mamorinuku! Rebecca to Omocha no Heitai,2014,115,7.8
83689,5.626712328767123,1,652,Saigo no Chou Gekisen Ku - D Block Kaisen,2014,114,7.6
84156,5.626712328767123,1,653,Kessen! Joura vs Mugiwara no Ichimi,2014,113,7.6
77651,5.626712328767123,1,654,Yoshiken! Hakuba no Cavendish,2014,119,7.9
68377,5.626712328767123,1,655,Dai Kessen! Sanji VS Doflamingo,2014,138,8.1
79324,5.626712328767123,1,656,Rebecca no Shi no Ken! Haisui no Kenbu,2014,118,7.8
83690,5.626712328767123,1,657,Saikyou no Senshi! Logan vs Rebecca,2014,114,7.6
81994,5.626712328767123,1,658,Shougeki! Omocha no Heitai no Shoutai!,2014,112,7.8
77241,5.626712328767123,1,659,Senritsu no Kako! Dressrosa no Himitsu,2014,117,8.0
76420,5.626712328767123,1,660,Akumu! Dressrosa Higeki no Ichiya,2014,119,8.0
64189,2.0,1,661,Shichibukai Taiketsu Law VS Doflamingo,2014,141,8.4
64732,1.0,1,662,Ryouyuu Aimamieru! Mugiwara to Ten Yasha,2014,139,8.4
45219,12.0,1,663,Luffy Kyougaku: Ace no Ishi o Tsugu Otoko,2014,201,8.9
84154,5.626712328767123,1,664,SOP Sakusen Kaishi: Usoland Totsugeki,2014,113,7.6
84155,5.626712328767123,1,665,Atsuki Omoi - Rebecca vs. Suleiman,2014,113,7.6
81995,5.626712328767123,1,666,Shousha Kettei!? D Block Shougeki no Ketsumatsu,2014,112,7.8
79326,5.626712328767123,1,667,Taishou no Ketsudan - Fujitora vs. Doflamingo,2014,118,7.8
80576,5.626712328767123,1,668,Kesshou Kaishi: Eiyuu Diamante Toujou,2014,115,7.8
80119,5.626712328767123,1,669,Ugoku Shiro! Saikou Kanbu Pica Shutsugen,2014,116,7.8
75567,5.626712328767123,1,670,Ryuu no Tsume Sakuretsu! Lucy Kyoui no Ichigeki!,2014,121,8.0
81992,5.626712328767123,1,671,Tatou Sugar: Kodomo no Heitai Totsugeki!,2014,112,7.8
81512,5.626712328767123,1,672,Saigo no Hikari: Warera ga Taichou no Himitsu!,2014,113,7.8
82438,5.626712328767123,1,673,Panku Ningen: Gladius Dai Bakuhatsu!,2014,111,7.8
80575,5.626712328767123,1,674,Usotsuki Usoland Tousouchuu!,2014,115,7.8
73250,5.626712328767123,1,675,Unmei no Deai: Kyros to Riku Ou,2014,124,8.1
74446,1.0,1,676,Sakusen Shippai! Eiyuu Usoland Shisu!?,2014,124,8.0
54238,4.0,1,677,Densetsu Fukkatsu! Kyros Konshin no Ichigeki,2015,169,8.6
55978,6.0,1,678,Kaken Sakuretsu! Fukkatsu Meramera no Mi no Chikara,2015,162,8.6
73977,5.626712328767123,1,679,Sassou Toujou: Kakumeigun Sanbou Souchou Sabo!,2015,122,8.1
76061,5.626712328767123,1,680,Akuma no Wana: Dressrosa Senmetsu Sakusen,2015,117,8.1
78926,5.626712328767123,1,681,Go-oku no Otoko: Nerawareta Usoland!,2015,116,7.9
83696,5.626712328767123,1,682,Tekijin Toppa: Luffy Zoro Hangeki Kaishi,2015,114,7.6
79837,5.626712328767123,1,683,Daichi Meidou: Hakai Kami Kyoudai Pica Kourin,2015,114,7.9
81991,5.626712328767123,1,684,Daishuuketsu! Luffy to Kyouaku Senshi Gundan,2015,112,7.8
76816,5.626712328767123,1,685,Kaishingeki! Luffy Gundan vs Pica!,2015,118,8.0
78458,5.626712328767123,1,686,Shougeki Kokuhaku! Law Atsuki Tamashii no Chikai!,2015,117,7.9
65959,1.0,1,687,Daigekitotsu! Sanbou Souchou Sabo vs Taishou Fujitora,2015,142,8.2
76028,5.626712328767123,1,688,Zettaizetsumei: Wana ni Kakatta Luffy!,2015,123,7.9
76449,5.626712328767123,1,689,Daidasshutsu! Luffy Kishikaisei no Elephant Gun,2015,122,7.9
80716,5.626712328767123,1,690,Kyoudousensen: Luffy Shouri e no Toppakou,2015,121,7.6
81490,5.626712328767123,1,691,Futarime no Samurai: Yuudachi Kanjuurou Toujou,2015,116,7.7
71670,1.0,1,692,Funtou to no Pica: Zoro Ichi Todome no Ichigeki,2015,125,8.2
84170,5.626712328767123,1,693,Kobito no Hime: Toraware no Mansherry,2015,116,7.5
85599,5.626712328767123,1,694,Fujimi! Kyoufu no Atamawari Ningyou Gundan,2015,116,7.4
75566,5.626712328767123,1,695,Inochi Kakete! Luffy wa Shouri no Kirifuda,2015,121,8.0
73592,5.626712328767123,1,696,Namida no Saikai: Rebecca to Kyros,2015,120,8.2
65410,2.0,1,697,Ichigeki Hissatsu: Dressrosa o Sukuu Otoko,2015,137,8.4
50194,5.0,1,698,Ikari Bakuhatsu: Luffy Law Saikyou no Hisaku,2015,179,8.8
64681,1.0,1,699,Kedakaki Ichizoku! Doflamingo no Shoutai!,2015,136,8.5
72033,2.0,1,700,Kyuukyoku no Chikara: Op-Op no Jitsu no Himitsu!,2015,124,8.2
67047,4.0,1,701,Kanashiki Kioku: Shiroi Machi no Shounen Law!,2015,132,8.4
67866,2.0,1,702,Tenryuubito! Doffy no Souzetsu Naru Kako,2015,133,8.3
58062,4.0,1,703,Kunan no Michi: Law to Corazon Inochi no Tabi,2015,151,8.7
63385,2.0,1,704,Toki Sameru! Op-Op no Mi o Ubae!,2015,137,8.6
60565,2.0,1,705,Kakugo no Toki: Corazon Wakare no Egao!,2015,146,8.6
44706,11.0,1,706,Yuke Law: Yasashiki Otoko Saigo no Tatakai!,2015,204,8.9
77682,1.0,1,707,Jiyuu e! Law Injection Shot Sakuretsu,2015,116,8.0
61716,3.0,1,708,Atsuki Tatakai: Law vs Doflamingo,2015,142,8.6
82895,5.626712328767123,1,709,Kanbu Kessen: Hokori Takaki Hajrudin,2015,110,7.8
80783,5.626712328767123,1,710,Ai no Kessen: Shintouryou Sai tai Baby 5,2015,109,8.0
80326,5.626712328767123,1,711,Otoko no Iji: Bellamy Saigo no Totsugeki!,2015,110,8.0
79125,1.0,1,712,Shippuudotou: Hakuba tai Dellinger,2015,110,8.1
75803,5.626712328767123,1,713,Baribari: Homage Shinken Hatsudou!,2015,112,8.3
86790,5.626712328767123,1,714,Iyashi no Hime: Mansherry o Sukue!,2015,102,7.8
72044,1.0,1,715,Otoko no Kettou: Senor Ai no Banka,2015,121,8.3
76571,1.0,1,716,Shi no Hoshikuzu: Diamante Moukou no Arashi,2015,113,8.2
75367,1.0,1,717,Trueno Bastardo: Kyros Ikari no Ichigeki,2015,113,8.3
76858,5.626712328767123,1,718,Daichi Oudan: Kyozou Pica Kishuu Sakusen!,2015,115,8.1
36067,17.0,1,719,Kuuchuu Kessen: Zoro Shin Hissastsu Ougi Sakuretsu!,2015,262,9.1
69523,5.626712328767123,1,720,Abayo! Bellamy Wakare no Ichigeki!,2015,125,8.4
69524,5.626712328767123,1,721,Law Shisu: Luffy Fundo no Moukougeki!,2015,125,8.4
66704,3.0,1,722,Shuunen no Yaiba: Gyakushuu no Gamma Knife!,2015,130,8.5
47172,9.0,1,723,Haki Gekitotsu: Luffy tai Doflamingo,2015,190,8.9
69872,5.626712328767123,1,724,Kougeki Funou: Trebol Shougeki no Himitsu,2015,124,8.4
56977,4.0,1,725,Ikari Bakuhatsu: Ore ga Zenbu Hikiukeru,2016,158,8.6
30035,23.0,1,726,Gear Fourth! Kyoui no Bounce Man!,2016,328,9.2
74470,5.626712328767123,1,727,Daigyakushuu! Doflamingo no Kakusei!,2016,118,8.2
54367,5.0,1,728,Luffy! Konshin no Leo Bazooka,2016,161,8.8
73704,5.626712328767123,1,729,Kaen Ryuuou: Luffy no Inochi o Mamorinuke,2016,117,8.3
87633,5.626712328767123,1,730,Kiseki no Namida: Mansherry no Tatakai!,2016,103,7.7
88320,5.626712328767123,1,731,Inochi no Kagiri: Shi no Tori Kago o Tomero!,2016,110,7.4
82122,5.626712328767123,1,732,Sei ka Shi ka: Unmei no Countdown,2016,109,7.9
47660,5.0,1,733,Ten o Utsu: Luffy Ikari no King Kong Gun,2016,192,8.8
85125,5.626712328767123,1,734,Jiyuu e! Yorokobi no Dressrosa!,2016,111,7.6
74403,5.626712328767123,1,735,Zendaimimon: Taishou Fujitora Shougeki no Ketsudan!,2016,121,8.1
67404,1.0,1,736,Gekishin Hashiru: Ugokidasu Saiaku no Sedai!,2016,128,8.5
76555,1.0,1,737,Densetsu Tanjou: Kakumei Senshi Sabo no Bouken!,2016,113,8.2
75671,5.626712328767123,1,738,Kyoudai no Kizuna: Luffy Sabo Saikai Hiwa,2016,115,8.2
51012,4.0,1,739,Saikyou no Seibutsu: Yonkou - Hyakujuu no Kaidou,2016,179,8.7
85316,5.626712328767123,1,740,Fujitora Ugoku: Mugiwara no Ichimi Kanzen Houimou,2016,105,7.8
84334,5.626712328767123,1,741,Hijoujitai: Sarawareta Rebecca!,2016,107,7.8
85671,5.626712328767123,1,742,Oyako no Kizuna: Kyros to Rebecca!,2016,107,7.7
69575,2.0,1,743,Otoko no Iji: Luffy tai Fujitora Makkou Shoubu,2016,122,8.5
68802,2.0,1,744,Nigeba Nashi: Taishou Fujitora Hijou no Tsuigeki!,2016,124,8.5
62829,3.0,1,745,Kobun no Sakazuki: Kessei! Mugiwara Daisendan!,2016,142,8.5
75251,2.0,1,746,Gun'yuukakyo: Arekuruu Shinsekai no Kaibutsu-tachi,2016,116,8.2
96261,5.626712328767123,1,747,Gin no Yousai: Luffy to Barto Daibouken,2016,109,6.9
107851,5.626712328767123,1,748,Chika Meikyuu: Luffy tai Torokko Ningen,2016,101,6.5
107252,5.626712328767123,1,749,Kengi Hakunetsu: Law Zoro Tsui ni Kenzan!,2016,96,6.7
107911,5.626712328767123,1,750,Zettaizetsumei: Luffy Kyokugen no Shakunetsu Kessen,2016,95,6.7
93689,5.626712328767123,1,751,Bouken Kaimaku: Maboroshi no Shima Zou Touchaku!,2016,105,7.2
82120,1.0,1,752,Shin Shichi Bukai: Densetsu Shirohige no Musuko Toujou,2016,109,7.9
90259,5.626712328767123,1,753,Kesshi no Tozou: Kyozou no Se no Daibouken!,2016,106,7.4
95499,5.626712328767123,1,754,Sentou Kaishi: Luffy vs Mink-zoku!,2016,99,7.3
92824,5.626712328767123,1,755,Garchuu! Mugiwara no Ichimi Saishuuketsu,2016,101,7.4
95500,5.626712328767123,1,756,Hangeki Kaishi: Guruwara no Ichimi Daikatsuyaku!,2016,99,7.3
89130,5.626712328767123,1,757,Kyoui Shuurai: Hyakujuu Kaizokudan Jack!,2016,100,7.7
92463,5.626712328767123,1,758,Hiru no Ou: Inuarashi Koushaku Toujou!,2016,99,7.5
85946,1.0,1,759,Yoru no Ou: Nekomamushi no Danna Kenzan,2016,101,7.9
84987,1.0,1,760,Shuto Kaimetsu: Guruware no Ichimi Jouriku!,2016,103,7.9
90968,1.0,1,761,Limit Semaru: Mink-zoku to Ichimi no Kizuna!,2016,99,7.6
84096,2.0,1,762,Akudou Kikyou: Yonkou Big Mom no Shikaku,2016,102,8.0
84097,2.0,1,763,Shissou no Shinjitsu: Sanji Kyougaku no Shoutaijou,2016,102,8.0
80456,3.0,1,764,Yarou Domo e: Sanji Wakare no Okitegami,2016,107,8.1
95571,1.0,1,765,Nekomamushi no Danna ni Ai ni Ikou,2016,96,7.4
93486,5.626712328767123,1,766,Luffy Ketsudan: Sanji Dattai no Kiki!,2016,97,7.5
72127,3.0,1,767,Isshokusokuhatsu: Inu to Neko to Samurai!,2016,118,8.4
87640,5.626712328767123,1,768,Sanninme! Ninja Kiri no Raizou Toujou,2016,103,7.7
75205,5.626712328767123,1,769,Akai Ishi! One Piece e no Michishirube,2016,119,8.1
74109,2.0,1,770,Wano Kuni no Himitsu: Kouzuki-ke to Rekishi no Ponegliffs,2016,116,8.3
86656,1.0,1,771,Okoto no Chikai: Luffy to Kouzuki Momonosuke,2017,105,7.7
92671,5.626712328767123,1,772,Densetsu no Koukai: Inu to Neko to Kaizokuou!,2017,96,7.6
93897,5.626712328767123,1,773,Akumu Futatabi: Fujimi no Jack Kyoushuu,2017,94,7.6
87242,1.0,1,774,Zou Boueisen: Luffy to Zunesha!,2017,101,7.8
104368,5.626712328767123,1,775,Zunesha o Sukue: Mugiwara Rescue Daisakusen!,2017,87,7.2
94977,5.626712328767123,1,776,Wakare no Gezou: Sanji Dakkan no Funade!,2017,92,7.6
101005,5.626712328767123,1,777,Reverie e: Oujo Vivi to Shirahoshi-hime,2017,95,7.1
101540,5.626712328767123,1,778,Reverie e: Rebecca to Sakura Oukoku,2017,89,7.3
95604,5.626712328767123,1,779,Kaidou Futatabi: Kyoui Semaru Saiaku no Sedai!,2017,91,7.6
108112,5.626712328767123,1,780,Harapeko Sensen: Luffy to Kaigun Rookie!,2017,82,7.2
107967,5.626712328767123,1,781,Shuunen no 3 Nin: Mugiwara Ichimi Dai Chase!,2017,80,7.3
103307,5.626712328767123,1,782,Akuma no Kobushi: Kessen! Luffy tai Grant,2017,84,7.4
97503,5.626712328767123,1,783,Sanji Kikyou: Big Mom no Nawabari e!,2017,88,7.6
97504,1.0,1,784,Rei to Yon: Souguu! Germa Double Six,2017,88,7.6
82637,3.0,1,785,Moudoku no Kiki: Luffy to Reiju!,2017,100,8.2
91535,5.626712328767123,1,786,Totto Land! Yonkou Big Mom Toujou,2017,98,7.6
93283,5.626712328767123,1,787,Yonkou no Musume: Sanji no Fiancee Purin,2017,95,7.6
98851,5.626712328767123,1,788,Dai Shingeki! Kui Wazurai no Mom,2017,86,7.6
94784,5.626712328767123,1,789,Shuto Houkai!? Big Mom to Jinbee,2017,90,7.7
98263,5.626712328767123,1,790,Yonkou No Shiro: Whole Cake Island Touchaku,2017,87,7.6
102688,5.626712328767123,1,791,Okashi na Mori: Luffy tai Luffy!?,2017,85,7.4
102689,5.626712328767123,1,792,Mom no Shikaku: Luffy to Yuuwaku no Mori!,2017,85,7.4
95960,5.626712328767123,1,793,Kaiyuu Kokka: Germa no Ou Judge,2017,93,7.5
97502,5.626712328767123,1,794,Oyako Taiketsu: Judge tai Sanji!,2017,88,7.6
99005,5.626712328767123,1,795,Kyoudai na Yabou: Big Mom to Caesar,2017,88,7.5
101803,5.626712328767123,1,796,Tamashii no Kuni: Mom no Osorubeki Nouryoku!,2017,84,7.5
97319,5.626712328767123,1,797,Daikanbu! Sanshousei Cracker Toujou!,2017,86,7.7
93542,5.626712328767123,1,798,8 Oku no Teki: Luffy tai Senshu no Cracker,2017,92,7.7
88095,2.0,1,799,Zenryoku Shoubu: Gear Fourth tai Bisbis no Chikara,2017,97,7.9
89188,1.0,1,800,Ichi to Ni: Shuuketsu! Vinsmoke-ke,2017,95,7.9
91851,1.0,1,801,Onjin no Inochi: Sanji to Owner Zeff,2017,95,7.7
84061,2.0,1,802,Ikari no Sanji: Germa Double Six no Himitsu,2017,95,8.3
79038,3.0,1,803,Suteta Kako: Vinsmoke Sanji,2017,100,8.5
40918,24.0,1,804,East Blue e: Sanji Ketsui no Funade,2017,215,9.2
76201,2.0,1,805,Genkai Shoubu: Luffy to Mugen Biscuit,2017,106,8.5
65324,4.0,1,806,Manpuku no Chikara: Shin Gear Fourth Tan Man!,2017,125,8.8
57178,2.0,1,807,Kanashiki Kettou: Luffy tai Sanji (Zenpen),2017,169,8.3
18272,58.0,1,808,Kanashiki Kettou: Luffy tai Sanji (Kouhen),2017,571,9.6
72699,3.0,1,809,Fukushuu no Arashi: Ikari no Gundan Shuurai!,2017,114,8.5
71992,3.0,1,810,Bouken no Owari: Sanji Ketsui no Propose,2017,113,8.6
76202,3.0,1,811,Koko de Matsu: Luffy tai Ikari no Gundan,2017,106,8.5
76203,3.0,1,812,Chateau Sennyuu: Ubae! Road Ponegliff,2017,106,8.5
86388,3.0,1,813,Innnen no Taimen: Luffy to Big Mom!,2017,93,8.2
77832,3.0,1,814,Tamashii no Sakebi: Brook &amp; Pedro Dengeki Sakusen,2017,105,8.4
77061,3.0,1,815,Sayonara: Purin Namida no Ketsui,2017,104,8.5
73681,3.0,1,816,Hidari Me no Innen: Pedro tai Tamago-Danshaku,2017,109,8.6
37535,21.0,1,817,Shikemoku: Sanji no Kekkon Zen'ya,2017,242,9.2
71991,3.0,1,818,Fukutsu no Soul: Brook tai Big Mom,2017,113,8.6
73933,2.0,1,819,Sora no Negai: Germa no Shippaisaku Sanji,2017,111,8.5
71196,4.0,1,820,Sanji no Moto e: Luffy Gyakushuu no Dai Gekisou!,2018,115,8.6
82638,4.0,1,821,Chateau Douran: Luffy Yakusoku no Basho e,2018,100,8.2
95607,3.0,1,822,Wakare no Ketsui: Sanji to Mugiwara Bentou,2018,91,7.6
90969,2.0,1,823,Yonkou no Negaeri: Brook Kyuushutsu Daisakusen!,2018,99,7.6
82946,4.0,1,824,"The Rendezvous! Luffy, a One-on-One at His Limit!",2018,102,8.1
70449,4.0,1,825,A Liar! Luffy and Sanji!!,2018,117,8.6
86010,3.0,1,826,Sanji Comes Back! Crash! The Tea Party from Hell!,2018,96,8.1
93893,4.0,1,827,A Secret Meeting! Luffy vs. the Fire Tank Pirates!,2018,94,7.6
92912,2.0,1,828,The Deadly Pact! Luffy &amp; Bege's Allied Forces!,2018,93,7.7
98741,2.0,1,829,Luffy Engages in a Secret Maneuver! The Wedding Full of Consp...,2018,84,7.7
84773,3.0,1,830,The Family Gets Together! The Hellish Tea Party Starts!,2018,96,8.2
99531,3.0,1,831,The Broken Couple! Sanji and Pudding Enter!,2018,85,7.6
76396,2.0,1,832,A Deadly Kiss! The Mission to Assassinate the Emperor Kicks Off!,2018,103,8.6
44896,16.0,1,833,Returning the Sake Cup! The Manly Jimbei Pays His Debt!,2018,194,9.1
88031,3.0,1,834,The Mission Failed?! The Big Mom Pirates Strike Back!,2018,88,8.3
88621,3.0,1,835,"Run, Sanji! SOS! Germa 66!",2018,87,8.3
106923,2.0,1,836,Mom's Secret! The Giant's Island Elbaph and a Little Monster!,2018,77,7.5
92995,2.0,1,837,The Birth of Mom! The Day That Carmel Vanished!,2018,84,8.1
99355,2.0,1,838,The Launcher Blasts! The Moment of Big Mom's Assassination!,2018,83,7.7
101605,2.0,1,839,The Evil Army! Transform! Germa 66!,2018,82,7.6
104015,3.0,1,840,Cutting the Father-Son Relationship! Sanji and Judge!,2018,83,7.4
95723,3.0,1,841,Escape From the Tea Party! Luffy vs. Big Mom!,2018,82,8.0
99926,2.0,1,842,The Execution Begins! Luffy's Allied Forces Are Annihilated?!,2018,78,7.9
112998,2.0,1,843,The Chateau Collapses! The Straw Hat's Great Escape Begins!,2018,70,7.5
112204,3.0,1,844,The Spear of Elbaph! Onslaught! The Flying Big Mom!,2018,77,7.2
106098,2.0,1,845,Pudding's Determination! Ablaze! The Seducing Woods!,2018,76,7.6
106099,3.0,1,846,A Lightning Counterattack! Nami and Zeus the Thundercloud!,2018,76,7.6
104539,2.0,1,847,A Coincidental Reunion! Sanji and the Lovestruck Evil Pudding!,2018,78,7.6
107078,3.0,1,848,Save the Sunny! Fighting Bravely! Chopper and Brook!,2018,79,7.4
60994,8.0,1,849,"Before the Dawn! Pedro, the Captain of the Guardians!",2018,138,8.8
56863,10.0,1,850,"I'll Be Back! Luffy, Deadly Departure!",2018,148,8.9
87545,1.0,1,851,The Man with a Bounty of Billion! The Strongest Sweet General...,2018,91,8.2
84586,2.0,1,852,A Hard Battle Starts! Luffy vs. Katakuri!,2018,94,8.3
97320,1.0,1,853,"The Green Room! An Invincible Helmsman, Jimbei!",2018,86,7.7
89418,1.0,1,854,The Threat of the Mole! Luffy's Silent Fight!,2018,90,8.1
93882,1.0,1,855,The End of the Deadly Battle?! Katakuri's Awakening in Anger!,2018,87,7.9
51718,8.0,1,856,The Forbidden Secret! Katakuri's Merienda!,2018,168,8.9
90671,2.0,1,857,Luffy Fights Back! The Invincible Katakuri's Weak Point!,2018,90,8.0
101800,1.0,1,858,Another Crisis! Gear Four vs. Unstoppable Donuts!,2018,84,7.5
110526,1.0,1,859,"The Rebellious Daughter, Chiffon! Sanji's Big Plan for Transp...",2018,79,7.2
103867,1.0,1,860,The Cake Sank?! Sanji and Bege's Getaway Battle!,2018,81,7.5
110308,1.0,1,861,The Cake Sank?! Sanji and Bege's Getaway Battle!,2018,77,7.3
72698,4.0,1,862,Sulong! Carrot's Big Mystic Transformation!,2018,114,8.5
103868,1.0,1,863,Break Through! The Straw Hat's Mighty Sea Battle!,2018,81,7.5
96708,1.0,1,864,Finally Clash - Yonko VS Straw Hat Crew,2018,87,7.7
96569,1.0,1,865,Dark King's Direct Precepts! The Battle Against Katakuri Turn...,2018,85,7.8
103303,1.0,1,866,"Finally He Returns! Sanji, the Man Who'll Stop the Emperor of...",2018,84,7.4
81376,3.0,1,867,Lurking in the Darkness! An Assassin Targeting Luffy!,2019,105,8.1
37048,22.0,1,868,One Man's Determination! Katakuri's Deadly Big Fight!,2019,252,9.1
61971,6.0,1,869,Wake Up! The Color of Observation Able to Top the Strongest!,2019,135,8.8
15729,80.0,1,870,A Fist of Divine Speed! Another Gear Four Application Activated!,2019,683,9.5
56862,12.0,1,871,Finally Concluded - An Outcome of the Fierce Battle with Kata...,2019,148,8.9
88272,1.0,1,872,A Desperate Situation! The Iron-Tight Entrapment of Luffy!,2019,92,8.1
86319,1.0,1,873,Pulling Back from the Brink! The Formidable Reinforcements - ...,2019,91,8.3
96457,1.0,1,874,The Last Hope! The Sun Pirates Emerge!,2019,83,7.9
87269,3.0,1,875,A Fascinating Taste - Sanji's Cake of Happiness,2019,96,8.0
84584,1.0,1,876,"The Man of Humanity and Justice - Jinbe, a Desperate Massive ...",2019,94,8.3
38952,20.0,1,877,Time for Farewell! Pudding's One Last Request!,2019,235,9.1
81085,1.0,1,878,The World in Shock! The Fifth Emperor of the Sea Arrives!,2019,114,7.8
99319,1.0,1,879,To the Levely! Gathering of the Straw Hat Allies!,2019,95,7.2
91492,3.0,1,880,Sabo Goes into Action! All the Captains of the Revolutionary ...,2019,98,7.6
116089,5.0,1,881,Going into Action! The Implacable New Admiral of the Fleet - ...,2019,120,5.6
110806,3.0,1,882,The Paramount War! The Inherited Will of the King of the Pira...,2019,113,6.0
110797,2.0,1,883,One Step Ahead of the Dream - Shirahoshi's Path to the Sun!,2019,106,6.2
108150,2.0,1,884,I Miss Him! Vivi and Rebecca's Sentiments!,2019,107,6.3
92212,2.0,1,885,In the Dark Recesses of the Holyland! A Mysterious Giant Stra...,2019,114,7.0
93460,3.0,1,886,The Uproarious Holy Land - Princess Shirahoshi is being targe...,2019,118,6.8
66430,3.0,1,887,On the Verge - The Two Yonko Targeting Luffy,2019,144,8.1
78078,3.0,1,888,Sabo Gets Angry - Tragedy of the Revolutionary Army Officer Kuma,2019,121,7.8
88321,3.0,1,889,"Finally, It Starts! The Conspiracy-filled Reverie!",2019,110,7.4
99853,1.0,1,890,Marco! The Keeper of Whitebeard's Last Memento!,2019,94,7.2
57213,3.0,1,891,Climbing Up a Waterfall! A Great Journey Through the Land of ...,2019,161,8.5
29288,29.0,1,892,Wano Country! To the Land of Dancing Sakura and Samurai,2019,340,9.2
51888,5.0,1,893,Otama Appears! Luffy vs. Kaido's Army!,2019,171,8.8
51654,6.0,1,894,He'll Come! The Legend of Ace in the Land of Wano!,2019,172,8.8
117329,5.626712328767123,1,895,"Side Story! The World's Greatest Bounty Hunter, Cidre!",2019,96,6.2
126450,1.0,1,896,Side Story! Clash! Luffy vs. the King of Carbonation!,2019,91,6.0
61848,3.0,1,897,"Save Otama! Straw Hat, Bounding through the Wasteland!",2019,145,8.5
66406,3.0,1,898,The Headliner! Hawkings the Magician Appears!,2019,134,8.4
48195,12.0,1,899,Defeat is Inevitable! The Strawman's Fierce Attack!,2019,185,8.9
71027,4.0,1,900,The Greatest Day of My Life! Otama and Her Sweet Red-bean Soup!,2019,121,8.4
87971,2.0,1,901,Entering Enemy Territory! The Protagonists Spread into the To...,2019,105,7.6
89525,2.0,1,902,The Yokozuna Appears! The Invincible Urashima Goes After Okiku!,2019,102,7.6
96899,3.0,1,903,A Climactic Sumo Battle! Straw Hat vs. the Strongest Ever Yok...,2019,118,6.6
99060,2.0,1,904,Luffy Rages! Rescue Otama from Danger!,2019,107,6.8
74034,5.0,1,905,Fighting for Otama! Fight against Holdem!,2019,119,8.2
76268,6.0,1,906,Duel! The Magician and the Surgeon of Death!,2019,111,8.3
108149,4.0,1,907,Romance Dawn,2019,107,6.3
74994,6.0,1,908,The Coming of the Treasure Ship! Luffytaro Returns the Favor!,2019,114,8.3
61121,5.0,1,909,Nazo no Bohyo - Oden Joseki de no Saikai!,2019,144,8.6
70223,6.0,1,910,A Legendary Samurai! The Man Who Roger Admired!,2019,123,8.4
82536,3.0,1,911,Bringing Down the Emperor of the Sea! A Secret Raid Operation...,2019,108,7.9
38386,21.0,1,912,"The Strongest Man in the World! Shutenmaru, the Thieves Briga...",2019,245,9.0
44651,14.0,1,913,Everyone is Annihilated! Kaido's Furious Blast Breath!,2019,209,8.8
26154,32.0,1,914,Finally Clashing! The Ferocious Luffy vs. Kaido!,2019,397,9.2
30998,21.0,1,915,Hakai-teki! Ichigeki Hissatsu no Raimei Hakke!,2019,321,9.1
52460,8.0,1,916,Iki-jigoku! Rufi Kutsujoku no Dai Tankutsu-jo,2020,185,8.4
41065,16.0,1,917,The Holyland in Tumult! Emperor of the Sea Blackbeard Cackles!,2020,234,8.8
76819,6.0,1,918,Ugokidasu - Dato Kaido Daikeikaku!,2020,121,7.9
78461,6.0,1,919,Rampage! The Prisoners - Luffy and Kid!,2020,117,7.9
82824,7.0,1,920,Dai Hyoban! Sanji no Ohako Soba!,2020,116,7.6
90380,6.0,1,921,Goka Kenran - Wano Kuni Ichi no Bijo: Komurasaki,2020,129,6.7
76454,5.0,1,922,A Tale of Chivalry! Zoro and Tonoyasu's Little Trip!,2020,122,7.9
74793,6.0,1,923,A State of Emergency! Big Mom Closes in!,2020,120,8.1
52131,11.0,1,924,The Capital in an Uproar! Another Assassin Targets Sanji!,2020,170,8.8
56513,6.0,1,925,Dashing! The Righteous Soba Mask!,2020,160,8.6
83423,7.0,1,926,Zettai Zetsumei - Kyoi no Orochi Oniwabanshu,2020,109,7.8
91196,5.0,1,927,Shura-jo! Osoreru Daija Shogun Orochi,2020,110,7.2
90228,6.0,1,928,The Flower Falls! The Final Moment of the Most Beautiful Woma...,2020,112,7.2
93158,7.0,1,929,The Bond Between Prisoners! Luffy and Old Man Hyo!,2020,109,7.1
90008,6.0,1,930,A Lead Performer! Queen the Plague Emerges!,2020,101,7.6
98178,8.0,1,931,Goes up. Luffy's Desperate Escape!,2020,97,7.2
86654,5.0,1,932,Dead or Alive! Queen's Sumo Inferno!,2020,105,7.7
63983,11.0,1,933,Gyukimaru! Zoro Fights a Duel on Bandit's Bridge,2020,145,8.3
33972,40.0,1,934,A Big Turnover! The Three-Sword Style Overcomes Danger!,2020,297,8.9
85807,7.0,1,935,"Zoro, Stunned! The Shocking Identity of the Mysterious Woman!",2020,104,7.8
90354,8.0,1,936,Get the Hang of It! The Land of Wano's Haki - Ryuo!,2020,103,7.5
95963,5.0,1,937,Tonoyasu! Ebisu's most beloved!,2020,93,7.5
98177,5.0,1,938,Shaking the nation. The identity of Ushimitsu Kozo,2020,97,7.2
74401,7.0,1,939,The Straw Hats are running! Save the captive Tonoyasu,2020,121,8.1
43705,14.0,1,940,Zoro's Fury! The Truth About the Smile!,2020,220,8.7
63835,8.0,1,941,Toko's Tears! Orochi's Pitiless Bullets!,2020,153,8.1
65941,7.0,1,942,The Straw Hats Step In! An Uproarious Deadly Battle at the Ex...,2020,142,8.2
74788,7.0,1,943,Luffy's Determination! Win Through the Sumo Inferno!,2020,120,8.1
87020,6.0,1,944,The Coming of the Storm! Big Mom's Great Rampage!,2020,107,7.6
60589,6.0,1,945,A Grudge Over Oshiruko - Luffy Gets into a Desperate Situation,2020,153,8.4
89320,6.0,1,946,Stop the Emperor of the Sea! Queen's Secret Plan!,2020,111,7.3
89331,6.0,1,947,The Ultimate Weapon! Excite Bullets Aimed at Luffy,2020,108,7.4
79090,9.0,1,948,Start Fighting Back! Luffy and the Red Scabbard Samurai!,2020,125,7.6
50714,16.0,1,949,We're Here to Win! Luffy's Desperate Scream!,2020,189,8.5
49737,15.0,1,950,Warriors' Dream! Luffy's Conquer of Udon!,2020,199,8.4
59574,15.0,1,951,Orochi's Pursuers! Ninja Army Corps vs. Zoro,2020,177,7.9
54156,16.0,1,952,Tension Rises in Onigashima! Two Emperors of the Sea Meet?!,2020,191,8.1
45193,28.0,1,953,Hiyori's Confession! Reunion on Oihagi Bridge,2020,249,8.0
41448,26.0,1,954,Its Name is Enma! Oden's Meito!,2020,302,7.7
35342,44.0,1,955,A New Alliance?! Kaido's Army Gathers,2020,407,7.4
33715,75.0,1,956,Ticking Down to the Great Battle! The Straw Hats Go into Comb...,2020,353,8.2
2940,964.0,1,957,Big News! The Warlords Attack Incident,2021,2862,9.1
14751,5.626712328767123,1,958,The Legendary Battle! Garp and Roger,2021,746,9.4
